Moisture (%),Temperature,Air Humidity,Pump Data
53.08477258644536,29.18490786,71.78969946,0
15.016814260027662,33.70720471,77.97739053,1
49.66695358229599,24.76031105,60.77628206,1
75.09401991701245,32.73851507,59.32354345,0
15.795203360995853,25.69274449,66.62491413,1
25.93654580912863,33.80680929,47.77469251,1
72.04104189488243,32.65949511,40.31759197,0
58.99098301521438,38.08393948,50.91595054,0
88.50843408022129,35.43074707,60.82272131,0
45.421537759336104,34.23292319,42.99440241,1
66.44392082987552,32.45140078,72.28222536,0
64.82725847856155,22.61185697,62.21459137,0
23.30757939142462,27.01024863,61.77921565,1
69.38417380359613,24.74705146,64.86232578,0
48.67848878284924,24.01856157,56.57166562,1
53.36428105117565,32.96375881,64.836761,0
34.923720636237896,27.99827866,62.05800089,1
31.478291881051167,27.89698264,49.92390283,1
63.98008757952973,34.83673164,45.72879474,0
19.45095374827109,22.46622021,40.23528975,1
62.04627181189488,32.37186722,50.51121641,0
33.39730257261411,23.01426608,67.31921149,1
23.03206738589212,23.28497444,71.65649789,1
83.4394774273859,25.51245583,74.57481526,0
51.679277302904566,31.48275853,41.97814358,1
13.938386403872755,37.03853837,58.10408442,1
66.91144958506224,36.83077335,81.20181201,0
17.26721813278008,38.64757166,71.10451413,1
62.814376210235125,22.2119609,54.84962341,0
69.9805619087137,29.33212651,72.40464911,0
13.204078077455048,31.99541439,77.41809636,0
51.69952251728907,19.02299534,78.80498538,1
59.71663503457815,26.22425309,76.7051323,0
22.429086943291836,34.90846594,44.35794312,0
86.83374326417704,35.28726983,39.99390152,0
82.83439463347165,23.86116554,61.51615757,0
84.80127496542184,32.82766255,74.60337098,0
7.10316723374827,22.38197726,56.59230979,1
64.48289073305672,19.62990205,46.27759015,0
81.79899179806361,18.44366419,58.18156467,0
82.35767849239282,32.51240158,53.58096683,0
31.534478423236518,29.05412642,59.45842859,1
30.2092809681881,26.74577988,75.11348102,1
85.46625921161825,20.66510899,46.77438853,0
17.405113347164594,38.80450797,68.49685483,1
27.283833623789768,32.10361139,75.83862846,1
45.04552260027662,36.16177182,55.75736243,1
55.84086199170125,36.62782649,68.50373606,0
91.33993257261412,23.41158867,49.91586603,0
87.22840419087137,20.10687481,61.10139107,0
73.49099110650069,21.24283558,72.72860039,0
69.15887780082987,35.32251749,49.85763478,0
79.55412011065006,38.97932302,63.38915578,0
26.55758544951591,30.69033234,70.88355159,1
70.33930565698479,33.22723857,45.26971073,0
27.160395601659747,38.23214297,44.07958961,1
59.974678243430155,27.65112189,63.77504282,0
34.61199060857537,33.09027604,57.73107061,1
59.89529473029045,36.04671237,51.66838899,0
51.53438824343015,36.29225945,44.70741231,1
18.998705338865836,34.1753631,47.10764913,1
78.54993240663902,23.65485943,81.2259392,0
74.73197853388659,28.50899242,43.69588123,0
40.30419845089902,37.67302885,39.70788536,1
12.859157109266947,29.88475236,62.70444708,1
10.756137482710923,29.46343116,62.03854994,1
8.255602406639005,18.42114697,49.00948583,1
12.80646109266943,28.58465415,59.34578281,1
15.051457551867218,33.42320894,72.49057658,1
43.91060446749654,33.82878329,67.41403773,1
90.54238497925311,24.90582822,75.6340079,0
57.86557175656986,18.87048114,69.53474979,0
54.44586388658369,26.38227776,80.96259893,0
13.135767939142461,27.96928989,68.06970814,1
43.59229196403872,19.93847873,39.13195054,1
79.02144179806363,26.67489864,78.64099226,0
61.83684002766252,33.51201906,75.71614774,0
16.37625798063624,34.9854744,63.34809685,1
9.577030262793912,32.5903976,73.84502511,1
60.01641629322268,35.94243818,78.05485409,0
64.9103403042877,19.7773322,56.57729304,0
86.33131580912863,32.19162455,59.64859301,0
14.038070442600278,35.7290513,69.34994159,1
54.45019651452282,22.62732984,50.96885041,0
13.622254910096817,31.61827775,62.14365628,1
43.011414218533886,29.86596628,75.2706511,1
28.548389571230988,24.19754699,44.83529542,1
59.71711847856156,24.91222857,44.54538979,0
77.94002661134162,23.94828469,76.42347719,0
82.40833195020747,25.23651133,51.31257887,0
19.322496113416324,31.09212269,38.62614319,1
80.3527944813278,27.33736531,61.05962015,0
57.19752269709544,26.74934787,56.04137589,0
40.074319778699866,21.36677755,49.64147192,1
90.65209037344398,21.94951202,47.90370377,0
3.0066017289073304,25.07360753,69.09578913,1
13.74183178423236,30.49472928,77.68885424,1
10.416737952973719,34.95107323,65.18342573,1
59.84898426002766,29.39140922,43.74302238,0
61.222052724757944,18.23216026,67.52258734,0
32.554600829875525,27.55169062,65.16688,1
49.5002963208852,29.76739106,75.23687082,1
34.735524979253114,26.31360596,61.53205765,1
54.56253398340248,19.73742076,69.88302827,0
86.62819225449515,26.65230538,65.06504994,0
52.147806763485484,26.10497323,64.14603057,1
88.63083955739972,18.62938351,46.78770285,0
84.94037066390042,20.33003553,46.23138007,0
52.75666428769018,24.10797043,74.61265567,1
64.53549807745506,25.37298077,63.96610751,0
4.4535715214384535,32.12412901,56.49534371,1
69.36899641770401,29.23046572,47.59271312,0
72.51498928077456,26.56890261,39.08373386,0
77.39686243430153,28.70185715,78.06252851,0
37.840125366528355,19.50081239,48.16378875,1
63.80030939142461,19.49655406,55.29787959,0
60.6803020746888,29.63822079,41.08245597,0
94.69012495159059,32.67367917,60.30390769,0
3.126662461964035,25.81300635,42.08328337,1
5.8704158921161795,29.66185289,50.80355729,1
22.033561479944673,37.98171538,39.37290809,1
56.55974131396957,34.11495609,47.51864582,0
57.5834598340249,37.21007959,55.09380817,0
77.3875272614108,32.23315033,63.06073455,0
23.752523941908716,26.40488684,65.21626683,1
7.868784287690181,22.59447703,77.89861807,1
71.49181861687414,29.11025263,77.05742236,0
38.81597569847856,24.0014384,40.66397833,1
6.027956514522819,23.62404301,81.25390177,1
43.28550966804979,34.93016874,70.08273855,1
34.620975504840935,36.05535467,64.95732428,1
31.908739944674963,30.65249738,44.64276776,1
45.79393163208852,30.66098124,45.14644997,1
3.9579096542185326,32.29177821,80.58091972,1
75.28316189488244,36.05820798,56.06359896,0
48.92285928077455,31.18441036,58.3617159,1
63.74147344398341,32.47033071,59.3086458,0
9.616204052558782,35.23507181,47.15566418,1
27.88810302904564,25.18080081,68.34245666,1
37.091808354080214,34.44437465,64.22987538,1
48.657425006915624,24.54964016,72.93700533,1
88.93405473029044,26.82470594,55.628312,0
30.231476791147998,29.73780117,42.36024859,1
11.268645643153526,33.48468031,46.21275521,1
50.47226612724758,22.02671892,59.30492665,1
93.02712042876902,28.88158855,77.49552925,0
45.003890414937764,36.28921986,70.51736779,1
58.57789347164592,37.73960514,77.32795275,0
35.568049515905955,37.58065491,44.17612445,1
63.20722094052559,26.57489179,42.06367334,0
74.27239011065008,30.97364476,78.23391407,0
39.01365627939143,20.56784751,48.02534097,1
84.6097712724758,27.41784152,52.71555125,0
56.2802159197787,32.10803269,65.76854534,0
87.45370099585062,19.62073242,71.92000363,0
47.21636836791148,28.19932981,52.72026473,1
62.95294011065007,19.55502617,70.2242948,0
42.89818112033195,31.98781797,75.48149285,1
29.132175283540807,33.48002515,42.29105088,1
5.6221540248962665,19.12130224,41.90681788,1
22.592930221300136,36.3426164,48.32681051,1
64.10561727524205,38.62305068,42.58714579,0
20.46365965421853,21.24906597,55.25218109,1
16.481588506224067,31.75767614,60.7695804,1
23.077933872752425,28.3090488,77.69331312,1
18.027789792531124,19.03325563,72.64587849,1
15.3562769571231,28.69651794,52.68139078,1
10.624609308437067,34.3335776,79.16806373,1
24.196605297372066,26.06121777,65.19703963,1
87.30520858921163,37.31260682,64.1780947,0
27.949819737206088,27.30277475,72.48243227,1
79.76467771784232,33.84527375,48.88833906,0
59.584830276625176,21.96236733,70.66994998,0
61.346299861687406,27.95102439,66.91957896,0
66.98859214384508,20.31032068,61.36242226,0
37.708986970954356,29.47721139,61.07487417,1
55.244382586445376,37.0110057,71.61838209,0
30.393484107883822,24.88372851,66.14902746,1
88.79013520055325,24.85574395,60.22665006,0
76.3292606085754,23.87928663,79.09572054,0
41.83132677731673,38.43845355,69.31925453,1
52.119409847856154,38.98375275,48.98221872,1
54.09409081604426,21.59014837,59.86100468,0
48.29303793914247,28.89722677,72.63972044,1
58.34229811894883,35.24369834,54.50933381,0
32.32698503457814,29.2695669,60.31395542,1
93.69955163208853,20.15028243,50.87311044,0
4.947844232365148,37.76078676,42.93327343,1
29.153702295988932,21.44926502,61.91337371,1
93.46406242047027,25.93914854,45.85930493,0
24.83805008298755,32.73590714,48.09233533,1
22.0344663208852,28.64688311,38.79075255,1
44.59847084370677,21.17060744,57.89514171,1
25.98507852005532,36.90276604,64.55613427,1
81.41350195020746,34.09282126,67.59127863,0
13.475992614107884,28.14159872,70.59726873,1
50.883672959889346,34.43222847,58.10239248,1
56.62494575380359,23.73334374,66.27881754,0
80.5493107330567,38.62075263,38.85305738,0
94.2993246473029,20.77267631,54.9587865,0
29.31963670816044,23.81252476,43.53032638,1
49.839082268326415,31.48302944,59.44479937,1
62.2642794329184,32.01421487,56.57617393,0
88.54766033195021,38.29929024,57.72419082,0
9.667784481327802,26.72492867,76.46813156,1
82.90604272475794,34.59359525,63.29160206,0
53.970931659751045,37.01726989,40.303152,0
39.19920204702628,32.50128001,66.13008074,1
5.563873195020748,36.95236905,61.7302681,1
92.90289145228216,37.40455316,70.60308703,0
49.62759437067773,18.39314952,73.33170117,1
64.86588933609958,38.32882286,41.2526544,0
20.823512863070537,36.83133191,71.52150595,1
75.46839966804978,32.74163727,70.13592877,0
92.81093360995851,29.69820284,39.69339358,0
47.89689295988934,22.06537271,79.81485839,1
88.70986442600277,32.4772021,70.34219447,0
87.37686269709545,23.70042927,51.19909658,0
76.50796012448133,35.75297115,61.43612074,0
71.34230312586446,26.50090955,69.8118863,0
2.0070561825726103,33.59498799,71.55487495,1
3.7240112448132785,23.20531605,69.84782071,1
2.3579245643153492,20.57919098,45.57045455,1
33.038922434301526,30.87930817,53.51187938,1
41.93618185338866,27.57094964,44.28187623,1
41.753458934993084,33.46038092,81.26740715,1
88.0071693637621,31.56900143,74.51425823,0
65.85177843706778,25.21726357,43.86851446,0
25.911675062240665,25.28693515,54.68116237,1
12.150217302904567,20.02291105,46.04152574,1
91.427188824343,20.1466308,80.1029758,0
92.43518965421855,21.62493783,58.41349063,0
90.36614161825726,19.96646722,76.25676716,0
31.233178921161826,19.90370961,77.89804196,1
79.56143275242049,30.78703296,48.30740647,0
55.33585196403873,21.14581903,44.554376,0
65.75471381742739,24.04732436,73.41661446,0
27.399024467496545,32.77765962,54.68038381,1
28.029170926694324,21.83575819,38.76723376,1
39.20515878284924,30.37214672,38.69525471,1
85.28292112033195,29.82178446,74.59444184,0
39.367626791147984,25.02030431,53.68977186,1
59.77686366528354,30.69075287,49.88830091,0
61.516578589211626,25.888154,77.83079457,0
3.9227936099585032,31.29363922,58.7362663,1
84.0878789626556,20.19811065,42.37221302,0
41.02723077455048,21.95947665,53.09095552,1
48.10723001383126,20.52524238,39.82211644,1
31.209148727524212,35.13893199,53.73724157,1
84.84939887966804,23.61996582,58.31014591,0
34.501307939142464,27.98793106,75.64187376,1
86.50705796680498,21.09114645,57.3407776,0
70.48935001383127,30.17273369,70.19543203,0
55.35585510373444,19.65435171,53.83813867,0
20.01962688796681,32.32824783,52.84641391,1
40.35552105117566,25.32425607,72.96533491,1
10.448016307053946,20.89732904,41.66124511,1
27.649238893499305,32.82058782,67.90740174,1
7.019339502074691,24.7932803,47.29524282,1
29.888793291839562,22.90275255,62.95637252,1
56.88617710926695,33.00537469,75.49172108,0
62.27690045643153,29.7862007,73.90159317,0
76.17169546334716,28.36371128,65.17645312,0
65.75642065006915,28.76767419,55.52940988,0
73.20042811894882,25.18794099,42.38415751,0
77.3720437759336,25.59238842,43.45129763,0
33.30908720608575,20.34959659,72.13734976,1
57.20537042876902,23.97497287,46.0204047,0
24.55340268326418,21.05278888,67.10195475,1
50.43250899031811,26.31763165,42.5794163,1
49.620690082987544,22.86411147,58.67516189,1
35.980204107883814,29.51032647,79.75665544,1
76.66129756569848,37.3878475,53.65013921,0
92.71854665283541,37.7600683,50.23740098,0
68.5585142461964,25.28291315,75.69513723,0
13.917589585062236,21.05360584,61.23333244,1
24.633892240663897,29.56103915,43.79085936,1
53.693550567081594,25.7703769,73.92037316,0
6.637347704011061,34.12205639,60.50837005,1
29.813250760719225,22.51021124,63.80556755,1
18.48552041493776,34.03259122,54.10872441,1
56.382068962655595,38.08855045,64.59754627,0
16.402364273858918,28.092736,52.22665191,1
91.9355689626556,35.49308122,42.98836862,0
6.363380124481326,38.74010263,40.42691826,1
32.73811511756569,18.04562376,69.49223436,1
45.15122065006915,18.7885571,75.30520844,1
69.55944034578147,22.59559292,40.63851895,0
13.113113029045644,33.05202452,63.483429,1
56.24898557399723,21.03142206,81.0624899,0
24.070623637621026,37.05338508,68.59722314,1
36.832367883817426,37.29350844,70.03476391,1
49.02271403872753,25.96981321,67.4054608,1
35.51291100968188,21.77420939,77.16772892,1
61.59397639004149,19.10501023,63.80477998,0
66.08435676348547,23.62544552,63.05003005,0
82.85406035961273,22.76031482,48.2711668,0
55.22934443983403,21.90009999,72.92386873,0
3.300181438450896,37.03614625,42.74534302,1
90.04339355463347,35.20084125,45.67611975,0
70.61817900414938,32.28461613,56.27765434,0
38.263090567081605,28.93410596,41.43890154,1
90.24369569847856,37.47040537,51.12904756,0
41.9578458229599,37.7429928,39.53782934,1
54.15129746887967,36.15828165,69.67124858,0
2.051265352697095,27.97933696,62.35873129,1
79.3990157814661,21.06581973,53.92178816,0
69.3012256846473,35.70978452,72.84550331,0
21.477763181189488,32.33313773,68.55599403,1
19.146240442600277,27.15720864,69.27381179,1
34.01759993084371,24.64555541,76.09591583,1
40.366330954356854,37.3562437,79.46932094,1
11.783816362378975,38.6600172,73.60851221,1
52.873889073305676,28.92008812,52.11539667,0
67.23547168741355,19.34344335,80.55336687,0
59.78583550484093,23.23969115,52.90227943,0
90.51397182572614,22.75061775,64.1561389,0
13.873537925311203,30.94334925,76.71180447,1
34.65334159059475,26.78647556,46.03085039,1
89.94770845089903,24.94407796,52.00382716,0
83.06920362378976,21.77951708,62.41328463,0
40.829112558782846,33.88432762,78.86009641,1
64.66691161825727,38.00055277,58.95708995,0
43.911536639004154,21.22292547,49.53367285,1
61.385292793914246,34.85652452,53.26276815,0
52.31208030428769,28.01313321,58.22029426,1
86.08897785615491,23.58289149,39.22574001,0
34.399420733056715,25.90978881,43.39140052,1
47.53534840940525,24.81508818,51.85650627,1
66.81953084370676,19.58978838,66.36868278,0
43.18596432918396,34.97003219,41.4853933,1
52.65049708160443,31.08826754,73.96810956,1
19.207525961272474,34.56218172,55.89046785,1
75.59290410788381,18.45160356,58.90983537,0
2.084198035961269,35.00805429,67.80622545,1
7.217679308437068,24.42529874,48.60243681,1
89.13665390041494,34.66289723,39.05143443,0
27.50802969571231,28.94137254,64.14341877,1
2.813386597510374,31.68462827,70.65105297,1
45.248844177040105,34.44553299,46.85157527,1
71.70457114799446,21.05036779,39.15056198,0
26.488882033195022,38.64525079,65.09017888,1
13.392076666666664,25.06028839,71.29580483,1
62.71498789764869,34.78510786,55.21350843,0
45.517012766251725,30.62484714,76.69472676,1
23.84713766251729,25.34217794,42.43423806,1
17.002373955739973,34.94844096,46.68273708,1
85.80308634854772,26.11007528,68.80425056,0
13.303917233748274,34.24618538,70.39869471,1
29.560844771784232,18.62049571,45.19446313,1
24.974473125864456,20.68289473,44.33889236,1
74.66289514522822,25.29110443,62.95370189,0
19.86903147994468,27.24063361,39.04218351,1
58.155580414937766,36.08807704,81.25275284,0
40.32320275242047,29.32185133,38.62366615,1
69.70078663900414,20.09083503,69.96912367,0
69.66775042876901,26.25967073,39.02872896,0
75.37243950207468,25.12842393,78.17095604,0
19.362944370677727,22.84876622,54.20839443,1
78.90122557399722,25.46312651,65.96604603,0
23.163564135546334,25.40140352,73.03983178,1
65.84035778699861,27.21937541,45.90056323,0
38.846707676348544,33.10112369,45.67730177,1
94.63035892116183,37.28073676,79.15735017,0
25.552920746887963,24.54923461,73.57998875,1
43.254677178423236,38.30106906,40.35068229,1
46.72225175656985,37.8195853,70.85097646,1
72.95988882434303,29.81101635,38.8661281,0
91.32591928077454,30.52903301,79.903196,0
90.25456290456432,30.11833525,77.59880016,0
59.817618340248956,34.81907373,43.09319288,0
57.772300802213,24.13886404,48.92517527,0
44.62474951590594,28.20253893,67.51298597,1
23.839042904564316,27.40750908,77.92590076,1
29.941743609958504,22.0667502,46.52886097,1
26.23712060857538,30.04449357,80.63023241,1
87.34190987551868,21.73983164,38.29166808,0
64.81441684647304,29.03830794,76.74970929,0
40.29847118948824,25.536238,62.90982634,1
14.66133380359613,36.17255827,56.40920628,1
92.6840555878285,19.84691837,69.92417688,0
72.05751035961272,19.57319679,42.86866478,0
15.742099944674967,21.6781965,76.95323731,1
45.952096265560165,23.88780146,45.23588435,1
61.57601380359613,31.10317827,43.16950969,0
64.80535721991701,29.76043996,71.17944254,0
5.5590210096818815,28.01483927,78.3721853,1
90.50490289073305,23.75044919,73.54626134,0
84.40012163208851,30.36600999,43.2572783,0
94.33650575380359,37.32422617,72.92041943,0
28.05448002766252,21.58123623,55.8568377,1
85.40707600276626,23.06153037,42.66778546,0
4.888929598893502,28.44902869,39.504915,1
47.8894724757953,21.36529747,53.66568181,1
90.36328417704011,24.85938228,39.35000841,0
23.120966071922542,28.1304323,71.87059266,1
43.853035172890735,28.15343986,55.54104585,1
75.13329701244812,27.89910931,46.21754781,0
45.2063079944675,20.36099588,53.03179025,1
18.86868824343015,26.93680757,40.22559701,1
7.331072143845091,34.72321388,44.42303498,1
20.59765077455048,36.27439013,60.54049124,1
38.150014343015215,22.83539244,47.55073016,1
77.74314948824343,26.00784015,58.12462164,0
74.07002623789765,22.59322997,63.13648497,0
85.48998666666667,34.44929749,70.28475545,0
9.876852033195023,26.57203514,59.46495826,1
40.77077650069157,30.04343366,54.76592841,1
27.99713641770401,24.9617897,43.81799127,1
82.99596381742738,35.11111829,67.32314988,0
79.07140143845089,28.61179163,78.32114465,0
56.13811865836792,38.84395622,42.16186924,0
70.92895134163209,33.31756932,66.38175876,0
18.130202033195022,30.80433448,71.2069125,1
51.211720774550486,20.35116486,46.97948873,1
80.83679192254496,32.9784717,66.1443331,0
34.34221309820194,33.23731968,47.22353265,1
15.690483485477177,30.87874237,43.38539929,1
67.33072608575381,36.16843671,62.85887501,0
62.83235434301522,25.91637957,43.35571559,0
69.84995456431534,20.22050148,76.04881326,0
47.04069452282158,38.23912474,58.38012305,1
55.10251944674965,21.19904137,77.79926767,0
73.51448514522822,24.86785461,45.0416189,0
85.5607869571231,37.69139443,49.77786395,0
13.12871553250346,22.91570594,62.37813802,1
5.38302081604426,23.25463649,40.81264793,1
75.75512977869985,18.81566942,41.1710621,0
90.79084497925311,28.09736731,62.12873366,0
20.069980580912862,28.36327999,74.64132024,1
15.826269709543567,24.92426424,77.96384798,1
32.888687510373444,28.05777885,67.38825919,1
71.98210901798063,22.34839496,43.57907194,0
57.44261987551867,34.40309337,42.53055423,0
81.45154986168741,21.86492988,75.00202916,0
15.983334011065004,19.40220642,81.00867517,1
3.8131103734439815,35.43919959,65.91462083,1
27.626580318118947,24.49442632,72.16404542,1
82.78774849239281,28.81186087,78.64252082,0
68.58261080221301,20.15140322,39.18421171,0
32.872805532503456,24.64131032,57.13450433,1
14.834177261410792,22.35436314,39.09841951,1
66.75488098201937,26.60654188,58.19144948,0
52.504184024896276,29.32708738,53.81771787,1
50.906039363762105,24.55747789,48.11375794,1
71.32189343015214,32.77953595,54.91967854,0
78.47929846473029,36.46921183,59.79386426,0
81.75030810511757,20.29009658,44.2838586,0
35.92837699861687,18.53019064,78.16440849,1
73.88989125864454,27.46324246,53.03971003,0
59.85641034578146,28.19751304,52.17352557,0
44.891734799446745,26.07715885,64.22311969,1
21.732404439834024,38.99276957,51.17163807,1
9.92355550484094,26.12793092,50.5161481,1
7.86960406639004,26.23397111,67.97755607,1
20.053879017980634,26.51987971,61.74242461,1
52.12540449515907,19.84993106,38.38359734,1
50.65080795297372,24.45746477,65.82223707,1
40.83121341632088,31.5460751,62.43318087,1
52.89176402489626,26.55487622,52.27685703,0
43.310163969571235,25.15093141,40.53539916,1
54.39262525587829,19.24440366,69.94039473,0
6.46224894882434,30.14880995,76.9855141,1
45.56629686030428,32.90652728,38.82544451,1
42.10989022130015,20.00700272,72.031064,1
91.32270634854771,29.2605884,58.48992882,0
44.96911968188104,36.31753572,57.29779336,1
44.60289037344399,28.6403978,77.83656883,1
25.199533762102348,38.10159934,64.73351041,1
24.057602697095433,36.13200848,77.87473608,1
27.928679225449514,22.6017739,48.68205707,1
38.75136955739972,24.10637738,64.75963108,1
23.149109156293225,29.78512136,54.10094859,1
55.307402600276625,33.24415566,71.11914019,0
72.68022492392808,24.58548821,77.91166663,0
33.36718726141078,22.97600015,64.3056719,1
30.121501964038732,20.15627798,60.32897602,1
14.441401161825725,31.05469027,75.38852134,1
34.30578861687413,22.74895478,81.00904267,1
85.20490764868603,33.05502689,65.67555505,0
89.20198105117566,35.54655948,60.28069941,0
38.67636611341632,27.05934195,39.86156831,1
2.545920456431536,29.41618253,45.22584642,1
3.6446067634854815,30.02525645,59.47810081,1
15.855571175656982,20.04961418,71.52226406,1
59.81159367911479,22.15266556,58.39780898,0
74.49858031811894,18.81609313,78.49030942,0
89.40720380359612,35.24888224,40.01884344,0
54.9244551175657,25.87646756,49.61678191,0
38.01649824343015,27.61188098,39.46857363,1
47.27673627939142,28.00397306,79.81674815,1
26.948720746887965,28.76178771,45.76211392,1
14.594025477178423,23.46437176,50.78125746,1
31.087659972337484,26.96046668,66.80331615,1
21.338439349930844,21.90644025,64.20777441,1
6.162881839557398,26.8937136,42.21870247,1
47.78778543568464,25.26013847,58.31039404,1
37.050234633471646,24.77847347,70.12354246,1
36.363237136929456,25.12174385,43.64597522,1
89.45364323651452,35.4764371,76.10637261,0
29.407278063623792,27.95296405,60.91751272,1
17.091885836791146,19.76831492,74.37512727,1
57.81196315352698,21.03731179,45.94132695,0
28.189650027662516,32.66366387,55.98388839,1
45.77764423236515,36.51254933,67.7612299,1
74.29242814661134,21.65722545,59.26445598,0
85.00978730290456,23.41660756,49.7526696,0
65.31440165975103,33.15171533,62.62039607,0
66.6630181604426,23.08208429,63.76951298,0
49.383479820193635,22.64607889,75.48222748,1
69.30512373443985,31.87608619,55.49852492,0
85.88479952973721,23.0519635,64.49727489,0
45.6313206362379,27.55410419,75.98350497,1
58.985020110650076,32.74453903,72.18578631,0
77.02295004149377,37.77859552,41.40815689,0
58.57325196403872,37.5303185,63.79991839,0
47.03149182572615,33.84121767,52.62807631,1
59.111545670816035,30.22145048,57.10509277,0
53.098656943291836,28.67201329,77.8440927,0
22.685713775933607,20.86421022,44.97898717,1
6.515755491009685,23.4970212,49.37469553,1
24.4569644121715,28.12585734,46.79624196,1
24.385881521438453,19.02432627,66.46415534,1
90.81446865836791,36.18497602,48.18850146,0
48.81291861687413,31.62558139,66.26971235,1
44.990727441217146,37.42083024,60.64973856,1
72.80775482710928,30.08986712,70.18569499,0
36.9498999308437,22.46918252,77.19585126,1
65.77094976486862,28.41635239,69.11804008,0
91.14800271092669,26.22079778,45.34636263,0
11.40282211618257,35.75140227,68.88446655,1
65.95893705394191,19.69214955,58.49462092,0
48.69493925311203,18.73960288,60.4239302,1
69.21439135546335,25.21024574,68.06460263,0
79.18933355463346,19.72869198,78.96414539,0
24.906623319502078,21.01989215,53.51615,1
77.17146658367912,36.95020006,47.53961581,0
50.76199135546335,28.19888511,43.49551198,1
20.04276226832642,33.78016805,66.04181872,1
35.91118947441217,27.54149467,62.90485645,1
93.22362923928077,35.50887541,43.99354238,0
80.76148460580913,35.96848966,57.78761402,0
63.003738796680494,25.46710245,80.78954298,0
15.454264301521434,29.68374997,65.29827498,1
25.83973265560166,22.55504333,64.98600184,1
5.92681262793914,28.33013051,40.69928737,1
87.37523432918395,24.37850784,54.5680037,0
16.696277634854777,35.71578529,54.87595667,1
61.353352793914254,31.80604766,43.935236,0
18.986166044260024,20.22641955,41.83541442,1
13.506341341632085,18.57742084,47.38207512,1
63.62909215767635,20.1334337,46.49824521,0
4.553062489626555,25.04818379,58.3105613,1
2.3856868326417713,19.72984713,54.3525619,1
70.26868752420471,32.73055813,75.73273778,0
3.0362240802212987,27.94168801,66.18250604,1
32.81391876901798,19.57349816,72.09926813,1
66.24773106500692,26.94169863,62.05557324,0
61.01146506224065,26.86229526,46.28328142,0
81.78252396957123,38.29410775,39.31009086,0
92.02805378976487,22.39097429,38.10423005,0
58.063443831258645,28.05013039,42.60057533,0
90.58943973720608,23.46914078,55.03389225,0
27.424282074688794,36.82570401,66.94867241,1
61.96322478561549,34.72979139,73.59711735,0
32.38446112033195,36.76337377,66.00233782,1
75.21886625172891,21.84857719,72.01291034,0
47.11330752420471,27.80596701,71.52907877,1
61.72120524204702,23.75255547,70.99852868,0
28.808411189488247,32.93323398,41.46368936,1
24.182386127247582,36.12916014,55.84923085,1
40.20622771784233,34.05696358,54.56956747,1
39.2283429737206,30.19661408,73.48937866,1
30.68659715076072,31.80548785,56.52548695,1
48.74392838174274,25.17815146,70.38481056,1
94.65067374827109,18.01840675,43.29315263,0
88.84699957123098,32.35752179,59.21822333,0
83.99773546334717,35.2900845,40.64796429,0
67.88617320885201,24.02391081,73.24790493,0
93.43634015214384,31.04963498,59.61775864,0
52.6476765560166,21.4734207,64.14521188,1
65.18341233748272,24.49479856,61.12188411,0
24.04848601659751,25.76096353,68.90622878,1
27.441134508990316,29.60297671,58.21297714,1
51.60251905947442,33.33856507,52.20580811,1
13.22796116182573,25.71093142,56.47390364,1
53.31084214384509,30.75669221,69.09468698,0
17.37777107883818,30.63761089,59.41953716,1
85.29164167358229,30.10319277,58.59310201,0
15.271940331950203,35.73131517,44.77704542,1
14.807382835408022,27.17543191,47.20828179,1
51.3946584923928,25.43978047,45.11999818,1
73.58762124481328,27.7042163,67.82522732,0
46.82532513139696,20.32325713,68.29130011,1
59.54551753803595,25.23349972,54.74496931,0
16.70144419087137,25.52777925,59.87356,1
33.43576630705394,30.20413301,45.53785951,1
93.27033199170125,31.23650744,57.6786761,0
27.832920525587834,36.45235764,72.7084295,1
37.94632326417704,36.64127902,60.70541468,1
59.03261745504841,18.36303376,46.80062237,0
84.5640239142462,36.91711905,45.00168312,0
92.4676279944675,28.54326434,70.7859597,0
63.74750373443984,35.47763637,46.69355782,0
36.3291233471646,36.77791161,78.27305058,1
51.4672693637621,35.95690549,70.93853978,1
74.32974820193637,37.5611885,53.81314163,0
14.75654478561549,32.37639824,68.60120116,1
74.70728459197787,26.25972293,39.93499329,0
60.093227897648696,25.88820244,56.74030984,0
45.56618680497926,20.33726038,71.98448006,1
76.30597492392806,38.70308114,56.81103692,0
84.5690328769018,38.90902362,64.13079839,0
38.11164443983402,35.35432129,43.91535155,1
28.730801300138314,29.88694145,55.26455524,1
85.47497623789765,34.91465199,38.37572156,0
38.44725461964039,32.95860003,75.35370469,1
55.63155230982019,36.94115672,69.30608399,0
55.39749777316736,33.46930097,67.41736224,0
63.99006984785615,21.59501479,50.85266349,0
81.00243237897648,38.89675329,45.33180417,0
92.90936272475795,38.14785909,52.255365,0
27.4833844813278,32.0414131,54.49200984,1
93.4472261549101,28.21391606,74.46994242,0
85.28072836791148,28.64825535,53.17756899,0
66.9301745781466,23.99036927,38.19091139,0
15.728167994467498,18.72143396,54.42975652,1
35.15053791147995,28.60660591,47.58883136,1
78.55326579529736,33.38183815,70.97653144,0
12.503006874135547,26.66862357,75.20192806,1
86.84773409405256,25.68603928,69.55235487,0
29.748877925311202,25.70500064,55.41683378,1
90.99914109266943,33.96287335,43.35551267,0
44.168449239280775,27.97185624,63.51520955,1
10.076130484094053,22.19584144,41.10080655,1
74.23637190871369,23.32198087,57.68391449,0
42.1820803319502,32.1532988,72.30983131,1
11.187444785615492,19.89251078,44.95408168,1
54.27267290456431,23.78902838,67.16824608,0
54.78873557399723,27.40100389,64.91408706,0
70.9225178284924,34.45009124,48.90047128,0
26.273346625172888,23.87392715,74.19660163,1
83.5422637067773,36.43738829,45.94353961,0
26.599061147994462,26.03326337,77.86482996,1
21.253863291839554,26.83977622,50.02656456,1
70.41656419087137,20.40917963,73.70908102,0
53.61188582295989,35.77896897,38.90138032,0
76.13714153526972,21.02343507,51.86790091,0
4.433891286307052,19.06198849,60.80330689,1
77.6988274273859,38.66050659,39.23412749,0
76.81918017980637,30.18661901,77.54397708,0
58.253920456431544,22.69905376,43.93425267,0
18.679692600276624,28.47292829,76.2137333,1
19.760071092669435,23.1078656,71.50559101,1
56.62751719225451,36.38845995,58.35962974,0
74.73400694329185,24.33102213,40.73048798,0
32.450592240663894,24.72002091,60.50140282,1
55.64612406639004,31.59703142,68.78009305,0
20.29684582295989,32.99289867,75.86806903,1
22.24581889349931,26.54421327,72.30082104,1
61.28586466113416,34.58036835,43.04910898,0
41.44880004149377,33.9658341,59.90989295,1
17.409264923928074,20.12530997,60.39301835,1
66.30480329183955,32.98528146,56.38715733,0
57.491486251728915,27.78895655,42.29285071,0
69.56418518672199,26.98276246,78.18892941,0
10.534348464730288,33.59937806,50.20342435,1
38.37501210235132,27.99637431,63.57329888,1
13.746364329183958,30.78551938,42.72451509,1
67.36618835408021,23.14027166,71.20822945,0
89.57577213001382,27.64621972,42.72817209,0
48.574826293222685,33.14001294,54.5052747,1
61.271039253112036,22.90714959,72.072791,0
26.231636251728908,23.41035349,38.53929711,1
9.379090000000003,25.82448203,50.675926,1
2.662683513139694,28.94368769,77.3372467,1
79.39922970954358,34.91222027,74.56392577,0
44.72454146611343,23.93169981,56.2109954,1
55.21927965421853,35.712238,62.88543114,0
94.72033333333333,31.23235489,75.18022473,0
83.49009908713693,28.44604515,40.18544002,0
63.2280350484094,25.83183256,59.81048603,0
77.50318753803596,27.01805963,62.14647639,0
65.06090600276625,28.07773935,71.19040029,0
25.476289903181193,22.48429453,39.14201991,1
52.37203576763485,20.0189767,60.86032399,1
58.68138427385892,34.44388461,55.36779609,0
51.419028243430155,24.35454604,60.26419122,1
8.311879571230978,33.86919461,38.99546814,1
22.311138796680495,18.794435,41.99485572,1
45.558565629322274,36.45469506,49.92157565,1
36.903414024896264,20.27056037,55.73200607,1
58.36363305670817,18.18041223,70.05120973,0
19.083700774550483,26.23165573,69.50815744,1
55.317609322268325,27.39232035,58.22151072,0
73.76789531120332,18.70188587,50.44729727,0
68.54710316735823,18.05214092,47.4936568,0
53.499534135546334,26.50351313,49.94184892,0
48.19219232365145,18.19315095,46.51607435,1
82.71026125864454,25.6458634,46.33247757,0
57.11603118948825,27.78411163,72.4180631,0
56.920971106500694,21.2268205,62.26926798,0
42.763530857538036,35.28401903,49.98946395,1
18.692545656984784,25.79780967,70.01424246,1
63.065593264177046,32.7985974,55.25685843,0
22.87236499308437,32.73069409,76.95463813,1
84.4304798340249,19.67811221,64.79199413,0
64.85942406639003,27.04684361,55.2017289,0
56.22924995850622,26.26584676,78.6916488,0
78.47083178423236,36.07811706,44.20900954,0
50.275856901798065,21.8388425,38.99022701,1
30.00443589211618,34.21381612,73.77577857,1
72.05053964038729,36.48523746,62.93299446,0
18.69099460580913,33.42914637,76.16170841,1
29.140920802213007,18.31721797,62.32108401,1
28.402263928077453,30.16844617,48.95169003,1
92.58017276625172,20.63152831,60.58010387,0
64.59911984785614,23.07666529,57.66709954,0
28.11646131396957,36.2049117,53.26167815,1
54.56005356846474,18.37924489,44.27375687,0
11.054392268326419,34.30773303,50.57219325,1
62.036342268326415,24.9215272,46.0858193,0
5.133600138312586,27.09788078,46.51351304,1
63.304747192254496,36.00288262,78.86525363,0
28.601955712309817,28.43521759,38.01201815,1
39.63531739972338,37.4575479,61.77933201,1
66.73501907330568,26.50294561,61.8366087,0
57.4147779944675,32.54846524,59.79923203,0
15.850290055325031,18.64515394,52.7789324,1
17.809410857538037,18.85689838,39.48508657,1
80.14553546334716,29.53159772,73.85535503,0
18.10152710926694,37.32858556,58.6756124,1
3.7274929737206057,26.97180171,46.68964404,1
32.041990304287694,37.17586944,80.53714457,1
40.12099196403872,19.62083299,59.08825783,1
67.56551100968188,37.17599078,51.02193658,0
22.707927164591975,29.02897312,70.12247535,1
92.56085175656985,28.16642354,55.06735401,0
40.83783118948824,19.41909307,74.87145788,1
83.39710806362379,38.47085764,52.5198045,0
82.10892170124481,20.58287287,58.13518977,0
30.40779442600276,33.06048529,67.53187096,1
65.36331951590594,22.66517758,55.61628353,0
51.254431300138314,29.18450132,55.82843798,1
67.62982738589211,25.24171199,47.71536187,0
65.42551,24.31132972,47.04387765,0
69.25941881051175,30.19115425,73.16611957,0
44.76183603042877,30.20991754,68.4283879,1
56.54397522821576,22.92443277,74.93948423,0
39.370098506224075,28.49687312,78.3947496,1
80.14518116182572,38.94895601,46.12533294,0
28.100601867219915,36.8529194,49.09134547,1
31.846858644536653,30.8037134,76.32652754,1
50.697883070539426,20.18349609,48.25448038,1
79.05483275242047,29.18153652,40.7576471,0
7.900879377593357,29.46358763,80.93009743,1
40.332134343015206,27.9929879,70.84495697,1
71.02350406639005,31.26598014,70.23519053,0
63.911314688796686,32.11005997,58.09322343,0
15.938313416320888,21.00923167,44.19856667,1
34.758366500691565,23.45606039,71.57778551,1
76.57986596127247,36.50454595,62.63280594,0
56.13224040110649,35.37805399,62.89538353,0
26.475932807745505,20.86374102,80.96447944,1
66.6774172890733,37.88971527,58.58522277,0
12.066825255878284,26.7484045,58.31329798,1
79.76359291839557,30.09274062,42.0021602,0
46.952738672199175,28.9854808,38.43428436,1
33.14189221300139,31.65550976,52.36330075,1
81.90233474412172,26.14096895,38.31936499,0
5.929870843706778,27.29025202,66.797263,1
13.32001269709544,21.58129401,46.75826526,1
51.35942354080222,18.71287712,57.54126694,1
68.42447640387276,20.05131877,56.8297585,0
51.85597221300138,38.15488888,60.21823105,1
6.1546666390041525,25.94845224,60.29486328,1
29.584601438450893,26.84400076,38.43752254,1
78.16196318118949,25.98052435,73.63609724,0
39.97774771784233,32.3030616,80.33104385,1
14.810660428769015,37.30552714,76.49268791,1
3.2023180774550473,38.21162092,50.07303514,1
68.95236553250345,27.14525385,60.94045561,0
70.70292182572614,30.17623297,70.42048822,0
55.34824957123099,36.45073547,72.51398423,0
40.71785015214384,33.61340666,68.15827479,1
54.424867040110655,23.53830032,65.95445359,0
58.094526957123094,19.75202558,53.54305033,0
41.13803556016597,19.23267256,73.50879262,1
17.33608428769018,31.24550578,75.93661188,1
17.295073928077457,35.69010972,68.35547865,1
37.97539955739972,29.15402932,55.81934674,1
83.0900352835408,24.82694231,44.73354458,0
27.6514210373444,36.31276182,73.75800258,1
60.671139031811904,38.35999162,65.19923706,0
81.92936378976488,23.62108923,63.36879835,0
6.068070456431537,28.44158436,46.7915701,1
73.81609549100968,25.4774334,63.93430947,0
16.951840027662513,33.0977186,42.17321493,1
10.238243416320888,35.6946425,71.29051778,1
19.446074591977876,38.05274832,63.1508986,1
75.07093004149377,19.57886369,80.83453849,0
63.852488354080215,29.30883462,54.1016629,0
3.2055251452282185,38.64445903,53.17040977,1
23.309290691562936,38.54811678,65.37268937,1
56.33749398340249,27.28525346,69.63839321,0
69.98776763485478,36.71423043,54.45736854,0
92.10072060857537,30.75128698,38.97049951,0
3.959806874135548,29.85451294,57.50803105,1
19.40660300138313,27.93869403,43.00183981,1
24.293989432918394,32.09551657,38.35733591,1
56.64476683264177,22.78952732,49.34129442,0
62.36772128630707,23.2126338,74.356478,0
77.86083420470263,19.48222522,51.30534486,0
94.25820961272477,21.67048878,43.23987897,0
70.82641691562932,29.31050308,48.36467146,0
30.605006224066383,31.20393761,65.91190474,1
86.7394713416321,25.01759801,48.13878335,0
7.660985186721993,29.72921444,71.25738398,1
8.688743969571235,29.4770315,58.75196714,1
83.54867918395573,18.26086759,56.57816887,0
79.1267336099585,35.68187907,41.11006756,0
5.762393706777315,36.72641576,52.25578127,1
7.92911029045643,22.17382726,50.12264883,1
88.90430965421854,19.98620505,56.93256438,0
17.426312489626554,36.87212725,67.44757849,1
13.264270124481325,22.13355636,59.15217298,1
92.12729437067773,34.55651433,45.64965959,0
50.81786052558783,32.39962106,48.24355558,1
71.14198282157676,26.63453562,55.07723856,0
5.595527026279392,18.83400802,67.22120849,1
13.860395255878286,21.40493418,50.04087473,1
50.11813236514523,35.73159044,65.11287701,1
41.45574883817428,38.30284017,67.5840328,1
17.04607513139696,25.63613139,47.28561083,1
44.0811636791148,37.76170433,44.15751245,1
25.537311798063623,28.90119217,41.41291755,1
90.33659955739974,24.19783629,43.92679013,0
17.206929640387273,24.64797762,74.74610067,1
66.70017273858922,27.09043107,39.38194843,0
37.74212100968189,18.47339685,74.25255052,1
51.933636459197785,18.07593127,58.10187373,1
77.90976845089904,28.19839263,46.44838944,0
42.580854495159066,37.42252748,68.93555719,1
79.75649056708161,22.27909468,73.54269231,0
4.436859903181189,21.01410832,70.65750846,1
59.6125549515906,37.94420375,44.70716149,0
42.38744078838174,32.64694052,41.4682221,1
18.3516430428769,38.07495678,69.15321821,1
69.78815037344398,35.24177069,78.80344603,0
94.35514858921162,31.08128481,45.84165676,0
68.78978893499308,24.18572475,45.7949139,0
87.3834182572614,22.68256366,77.70804396,0
14.835866293222683,26.30190233,58.38738149,1
74.63188712309821,18.05740359,44.29926645,0
59.884180553250346,20.08399936,55.14512296,0
6.235075670816045,31.89898456,54.38997534,1
9.393970138312584,24.7346162,40.1650604,1
30.77021177040111,21.08835487,48.25107659,1
23.623422489626552,28.20830458,56.02569065,1
81.12849467496542,30.52331085,57.56976465,0
23.35182416320885,31.44562955,67.23705294,1
81.04218579529736,21.90054682,67.47675705,0
16.938233112033195,23.97579295,40.02660668,1
34.890631272475794,24.48055654,76.14676172,1
13.504560705394194,22.99498504,77.66145071,1
61.16934883817427,31.25597591,76.27255568,0
89.93579276625172,25.57356278,38.20297558,0
93.55184219917012,30.44841487,66.58213769,0
34.15767915629323,18.23209406,55.68756602,1
71.10784506224066,20.51501014,71.7933516,0
57.877151341632086,32.27188661,67.89965606,0
93.3957800691563,36.75426279,41.07802965,0
21.07556124481328,24.76200913,77.71975153,1
94.15824777316736,32.42877892,68.97117622,0
80.17705636237899,27.50930489,80.51741124,0
82.65758070539418,26.71082076,80.45076871,0
59.02302491009682,38.63988486,58.99234199,0
75.58694118948824,20.97992539,42.97906318,0
75.62381005532502,25.27489966,61.09237726,0
85.48373305670816,34.01132762,73.7192969,0
90.47063087136928,37.8441562,50.40741548,0
47.77562616874136,33.59275485,55.6593418,1
63.930071341632086,31.25957928,41.82728616,0
35.64924968188105,30.70600684,71.19470995,1
8.344415975103734,24.61716841,71.87563779,1
31.48317670816045,30.83042594,79.57117599,1
51.72513443983402,28.49162975,78.77063915,1
48.295752185338856,18.37289862,67.49269141,1
47.51514248962655,31.08167795,66.48331559,1
49.53405203319502,19.41243624,77.82986375,1
94.51806283540802,23.47959571,65.79993766,0
93.74580904564314,33.61330121,79.71811717,0
53.48201200553251,23.88598901,80.09424299,0
36.13036006915629,34.36573162,70.77204819,1
52.562162448132774,18.48241237,70.98328367,1
10.613942503457817,33.3009106,75.72270838,1
61.82638280774552,25.30031995,65.69345957,0
46.55025647302905,37.93172032,55.04461156,1
63.697371659751035,24.92993202,47.47622721,0
81.11152875518673,35.12440433,41.73879456,0
22.308030995850622,32.97066224,59.10194741,1
69.73054526970954,20.14363104,64.1104686,0
55.63194239280775,22.25104907,69.81767232,0
82.88961403872752,37.89936423,73.22187079,0
73.0674826417704,28.31537409,70.89210411,0
57.163615491009686,27.70943467,71.0070568,0
58.19344094052559,19.72571016,66.20948621,0
66.23509590594745,23.20149613,67.83004771,0
59.31965629322269,29.98127917,75.98088505,0
26.423716666666667,37.85732807,59.35866294,1
54.82286244813278,23.34926443,65.0488235,0
67.26801962655601,19.32067266,50.26199772,0
3.6013784647302898,26.64820143,41.12715694,1
40.98619092669432,36.8545772,74.10406404,1
74.45755531120332,26.07920803,58.79196184,0
11.082642240663903,24.5834023,43.27391214,1
14.011125394190874,30.43094156,53.56085507,1
58.437957621023514,19.615956,72.70407988,0
48.02651358229599,19.07139366,62.47023993,1
29.970442959889347,22.91808785,50.69336673,1
81.69670720608575,22.28741954,60.06749015,0
26.93888325034578,37.33762089,49.592546,1
17.48700031811895,24.63175213,42.42653509,1
25.32006163208852,27.33770784,48.80320832,1
66.58399074688798,19.08214059,80.35809054,0
79.48534542185338,31.51902557,77.81874128,0
4.078198907330566,29.70420865,43.41450119,1
15.667539861687413,27.05235987,54.74178803,1
79.79873377593361,21.69915528,41.61840053,0
25.692390829875517,25.07858805,59.94619131,1
41.35777760719226,30.66842968,39.14049839,1
20.196853679114795,28.57007507,62.48264165,1
65.46176670816045,20.10784656,58.87827766,0
85.68910325034578,28.41088245,80.95799472,0
10.026845325034579,23.86526806,71.34237672,1
78.22350102351314,35.43072106,54.40643263,0
13.364702600276626,26.64441472,72.50663254,1
43.91699668049793,25.22176579,63.35090637,1
10.950861936376214,28.79608871,45.60927759,1
51.91230757952974,36.06630913,63.81323217,1
18.890957676348545,23.93414469,56.64448541,1
9.59992726141079,24.99339347,42.07593718,1
17.383868312586447,19.72947031,57.53570336,1
44.56702265560166,35.41293153,70.11919088,1
60.851301562932235,38.47741171,50.12764151,0
56.31954596127247,25.0073193,62.77044738,0
43.938204412171515,32.51395714,40.65205347,1
68.53372508990317,26.02036865,48.89028704,0
67.51432770401107,31.37914766,43.07253055,0
65.14091165975104,30.98339134,48.74499081,0
73.20458373443984,29.33508269,48.76620408,0
21.227611659751034,20.14229474,75.3019959,1
60.0285789626556,37.22239903,63.88904297,0
47.22681013831259,26.92032034,78.38350672,1
39.550717759336095,30.52028304,43.60626753,1
92.40624482710928,30.89023685,48.61972264,0
29.25597204702628,33.57128237,80.72514205,1
32.71224282157676,25.92688976,51.97678446,1
79.44009717842324,36.67648,56.81978959,0
15.289151798063624,32.72893827,56.24458252,1
46.23844293222683,36.36742465,53.98272215,1
68.66746024896266,34.79982796,73.62375573,0
51.90851887966805,29.09178765,59.27203915,1
27.469509986168738,29.63645957,50.17803181,1
67.85874195020747,32.48200212,62.10873054,0
22.735572586445365,27.0130087,56.75215512,1
42.65950279391424,20.01091431,44.93320418,1
58.53353110650069,25.90610897,50.5239875,0
37.27988387275243,29.45825373,55.45278424,1
63.12726067773167,27.51024923,52.98211816,0
62.677546279391414,20.30076346,69.96168156,0
59.86370374827109,26.90342179,50.74993063,0
32.62160575380359,24.73719508,42.66242571,1
74.23636661134164,26.61158251,76.25474083,0
82.56164952973721,23.17140371,49.6750278,0
18.10384569847856,27.0837717,77.41663319,1
72.282720373444,27.28413799,78.7987682,0
73.82847954356846,35.03191653,77.80299688,0
7.236443734439837,25.53966099,56.55549352,1
10.642110871369296,27.46201095,76.26126693,1
2.539592392807742,21.04947849,74.7220189,1
15.647479917012449,20.39740386,42.87430127,1
39.042611244813266,18.01462164,70.74577566,1
6.052958603042879,35.32201167,72.54191904,1
12.748804163208858,21.42281732,51.54945455,1
73.23582843706777,34.41407157,73.9541795,0
71.17263529737205,18.92674114,62.47289158,0
28.93277283540802,20.02776363,73.33629501,1
60.01284473029046,36.6035372,72.98299987,0
76.42233145228215,32.0863196,51.42143814,0
32.901264550484086,26.83801608,38.84517637,1
13.1724630428769,37.15785355,80.0388574,1
90.14912289073305,37.67862155,39.52411741,0
37.75904024896265,36.45793153,42.74833658,1
13.741992863070543,26.13175196,41.719567,1
57.50289633471646,38.02073374,52.36803162,0
34.79702250345782,36.83052089,51.41369879,1
80.09805473029044,22.50825035,60.12546566,0
17.40500899031812,22.7395264,62.49863545,1
39.9325842461964,25.62239033,73.98744086,1
42.957973872752426,23.32851761,46.66156159,1
68.60901957123097,25.54947287,76.45434332,0
15.473634329183952,29.63764247,52.7413569,1
67.29991138312586,33.76130548,55.75406889,0
80.62541723374827,21.89630868,71.56458512,0
67.90869908713694,24.23635609,74.71687459,0
10.39492867219917,34.91530467,43.34271301,1
64.32970847856156,27.09184577,41.11651556,0
47.83929691562931,37.28614811,78.85798788,1
51.673265006915635,35.68429842,69.9225415,1
3.357880124481327,26.0303623,76.34769191,1
65.18281587828493,28.42526144,70.67140279,0
25.12215031811895,30.43354001,63.25436609,1
27.858195947441217,36.22010872,47.84817374,1
13.599111272475795,20.59040396,56.36876417,1
43.53566265560166,34.07936867,48.58571546,1
75.94249345781465,27.17001297,65.26879925,0
65.36139255878285,38.12827559,39.85123286,0
61.05215089903182,18.66441051,41.03344518,0
86.14888161825726,31.88534617,61.01089803,0
71.41218037344397,38.22959979,69.12750837,0
75.74663297372061,20.5628409,48.34099105,0
15.430467883817425,30.9893712,39.52565563,1
65.3315976901798,29.71291898,79.6686685,0
40.60843582295988,20.56375592,78.00938173,1
61.59302778699862,31.81859189,77.1647144,0
36.45366666666667,22.54377896,66.68332641,1
17.559652669432914,26.82838674,43.10713032,1
43.9917912724758,34.20291451,66.38795334,1
91.04890062240665,30.39157064,69.53378648,0
69.96802326417703,33.97034026,77.55448325,0
3.558079543568461,28.79590909,71.45590798,1
4.781802102351312,19.34614023,60.02793724,1
82.99642549100969,35.99459246,70.56225747,0
80.1439458506224,24.99259591,62.25855264,0
14.582034149377593,36.82697246,48.08521963,1
82.79201997233749,38.12908973,74.72516916,0
68.17620995850622,27.28920859,73.46841066,0
43.218779211618255,20.45731896,61.79726659,1
22.387033291839558,33.25359349,52.40324725,1
78.94558071922543,30.28685547,47.9522452,0
51.334215975103724,32.87584154,62.57931811,1
93.2321493360996,31.60864288,63.04322198,0
57.882440165975105,29.22354942,77.41672612,0
83.64438325034578,35.36860511,66.13153802,0
94.2685540802213,25.50199459,66.90263628,0
45.548507759336104,20.9068705,75.9215023,1
47.814452351313975,33.76585531,61.33748979,1
20.36501644536653,20.18853472,44.47114186,1
90.0977756569848,26.15659215,50.14478912,0
75.07155116182572,26.43369029,38.73615313,0
63.16683900414938,33.62983275,49.5697098,0
85.42967762102352,36.41286296,70.43673902,0
25.943632102351316,36.95204075,62.4519253,1
68.56045547717842,37.97553562,45.33574798,0
55.64876226832642,32.08554682,70.76016441,0
90.62955720608576,20.85931508,74.06876302,0
26.440191825726146,23.34328605,42.56991565,1
50.13375947441217,29.50807608,74.27102789,1
5.683870138312589,38.49616185,50.69755046,1
54.863727994467496,24.60727576,72.34820182,0
15.231738146611345,26.2672628,50.23030524,1
86.10319485477179,24.3943415,44.88459902,0
75.10591461964037,18.2443674,60.78954193,0
85.38177080221301,38.53273954,65.6475301,0
64.0443228077455,31.56314492,46.43981872,0
78.56834362378976,28.07503755,58.78654563,0
87.50526643153526,26.96147866,56.94024052,0
94.20306591977871,20.84796329,39.41044793,0
41.702570885200544,38.52408886,70.88129157,1
32.98648271092669,33.79457015,56.46745144,1
33.85624493775933,35.58114467,57.16116376,1
33.64858871369295,34.92310499,42.49412117,1
65.8146760580913,18.33556677,60.33309407,0
23.08590550484094,26.47355322,54.13469679,1
32.295502213001384,24.42168362,39.67519274,1
65.90056376210237,27.83147157,51.53400758,0
33.41423255878285,21.10716265,62.73596857,1
4.352965076071926,26.54417383,76.44850898,1
43.25769232365146,35.13290925,57.54915289,1
17.6849120746888,28.40843084,46.67428875,1
36.2038609681881,38.0509924,57.52773352,1
9.124747745504838,31.25134785,42.94431805,1
54.92015756569848,29.57996885,65.54680343,0
25.57505412171508,19.55293372,49.1829091,1
48.74027373443984,38.17366614,45.63386278,1
44.957888298755186,32.88319429,55.59374329,1
90.23171405255877,28.81011357,65.0174176,0
21.042492738589214,19.54524987,69.04245625,1
6.31337986168741,27.42363551,49.95820178,1
88.99053775933609,35.88576211,53.82023702,0
77.74138567081606,24.43757843,56.71107233,0
57.272511853388664,27.77074904,56.73451486,0
64.15014019363763,34.64496466,78.41743549,0
42.617535325034574,22.85630184,78.58431234,1
69.22846605809129,32.54701967,57.69360196,0
25.75019510373444,28.41506164,62.53325751,1
64.03356240663899,34.25438293,48.55553747,0
68.20594965421853,32.57182009,54.25227933,0
41.63922890733056,23.52825114,65.17567109,1
21.507751632088517,18.38735323,57.0182383,1
59.729624011065006,24.63355719,49.64546899,0
4.845784840940525,18.76061559,45.44660398,1
57.7783399031812,34.49535651,51.68880551,0
81.02560398340249,20.52803844,64.0906948,0
64.13660189488243,24.31750449,53.59354882,0
84.986175615491,29.51432443,46.15212752,0
76.45264706777316,21.96109078,80.49571068,0
43.46560767634855,29.0410839,45.89686347,1
26.358418769017984,18.27820412,44.50609539,1
90.80119499308437,28.21681335,69.24408902,0
21.56846864453665,29.00212273,39.48369671,1
8.874038409405259,27.1874529,41.95650088,1
62.68272095435685,19.58310237,63.51756359,0
44.704355006915634,31.60155129,51.92852154,1
20.991811784232365,20.80402442,79.54323935,1
93.95538251728908,38.84293576,69.97575661,0
37.53580995850623,25.81347988,78.36860314,1
39.42882828492393,30.7772234,45.60189139,1
18.055488312586444,23.46593004,64.86155286,1
16.120643416320885,27.55021556,52.37494803,1
55.44246663900415,21.65750777,52.64304816,0
43.235363153526976,33.51545783,75.65115624,1
41.56277453665283,30.17941741,40.39361204,1
66.35364757952973,38.38690561,68.87082719,0
40.340113803596125,28.23926526,39.20534253,1
4.033322019363766,25.53942205,56.30836596,1
23.642446030428772,28.62761622,69.68449097,1
70.47483255878285,22.57648481,79.90133221,0
52.55233492392808,35.18204013,44.55849109,1
47.29025589211618,19.17876027,71.35612959,1
33.022196182572614,27.2062208,59.92244686,1
63.529047869986165,19.87688761,61.84337079,0
93.80120376210235,29.80435806,42.27862158,0
77.65392900414938,38.59688176,39.57399789,0
5.5655828215767595,38.20971502,63.82291678,1
11.223276154910094,18.11304123,79.62575131,1
82.40777923928077,26.41174852,51.82552902,0
23.868630733056705,33.34728323,76.84851363,1
86.59271128630705,28.64922722,80.58427333,0
25.39021409405256,25.54930834,64.29258308,1
24.41848175656985,29.00960184,38.82722236,1
52.4924610373444,37.76774891,67.36172277,1
52.24781326417703,37.03844843,41.94293682,1
7.0319829598893495,27.02201533,50.68332873,1
67.32025763485477,36.92496264,73.32102225,0
15.621716113416317,27.18849031,44.91292984,1
60.85104485477177,38.48850117,55.75435119,0
15.503893208852007,21.11567173,55.30019236,1
58.242708035961265,35.66463655,41.36892136,0
61.787642392807754,18.37122535,62.13011809,0
32.838947579529744,24.04089714,62.47219366,1
39.664185186722,28.41086385,80.36430187,1
6.811621521438452,36.48286722,70.15941623,1
60.10060515905947,36.65283988,49.77996509,0
8.9356024757953,19.09225657,64.74085832,1
8.55561951590595,28.98697017,62.14859071,1
73.96334181189488,28.24835958,40.92329332,0
87.64164492392807,31.81953237,53.14053546,0
57.021952088520045,31.47954676,38.3814406,0
16.991212475795297,27.3765463,46.39100522,1
70.45480123098203,26.32843352,52.36883325,0
28.075981383125864,30.74144349,45.54884167,1
30.61782192254496,20.39386274,78.37946964,1
43.32497230982019,37.63945741,47.30228083,1
35.781497192254506,30.26311956,49.00764595,1
8.204019917012449,19.94929506,69.01191115,1
52.681833554633464,20.2488131,42.35441552,1
50.654386708160445,33.91205345,63.83403686,1
12.605107427385892,18.17261608,66.7660268,1
75.99675751037344,38.74172242,71.38922151,0
78.48017005532503,32.77610701,58.37257687,0
36.18038538035962,20.57018446,78.26497553,1
23.937163388658373,33.52237923,61.97113443,1
81.11695698478562,36.48049435,46.30364834,0
79.79865573997235,19.15283424,63.9014646,0
94.21737731673583,30.65428345,55.83766702,0
63.84343934993084,23.17639669,44.87610449,0
56.30888842323651,22.12749137,46.64907687,0
23.91454914246196,20.80142563,47.7134118,1
73.82896708160442,22.33638996,64.64206436,0
32.24134358229598,38.80136822,46.53533085,1
14.463980013831257,37.65265946,42.84442476,1
21.293126874135545,28.58062658,41.44735987,1
67.30189504840939,30.83272184,76.48272392,0
50.654359266943295,32.72842548,56.4139915,1
32.1911894329184,26.34294588,45.85095564,1
50.72277261410788,32.56749236,73.02622683,1
88.51051507607191,26.73357298,69.85888796,0
75.21892312586445,35.55887536,69.63091393,0
78.5763395020747,22.37375219,41.12335653,0
84.21789957123099,21.69078291,48.28084554,0
73.05128295988935,26.92446827,42.28805582,0
75.94697627939144,29.00215064,52.26309957,0
19.16386045643154,36.6756065,76.46554842,1
94.58884453665284,32.71428578,65.36061533,0
47.69458720608576,18.65523135,39.99766312,1
66.71354611341631,18.97475801,78.19539221,0
64.36852146611342,33.64209954,40.07326343,0
4.017818409405254,22.84407106,80.78072705,1
76.99714319502074,22.83773189,53.663542,0
20.715931977869985,32.12254068,79.826479,1
76.08256179806364,28.53552658,72.50220094,0
81.49389200553252,31.78182638,79.15896491,0
55.52492969571231,18.91343151,66.23014653,0
59.91304948824343,37.58882039,50.31500475,0
28.082418271092667,23.01621777,64.27620959,1
82.32715215767635,36.62665832,54.17248244,0
23.00501713692946,26.3274611,57.86929706,1
93.26285005532503,21.09045332,69.30488898,0
91.52574612724759,22.42368969,58.61561595,0
43.58021605809129,28.18020676,38.5535336,1
73.83732491009683,25.46437991,50.43082348,0
47.96149629322269,18.00213247,59.11614486,1
40.11736730290456,32.97542241,76.74406698,1
66.98729596127248,28.36042739,43.39533893,0
20.87429885200553,20.81073528,53.33326924,1
65.81602423236515,20.72027699,72.18676272,0
80.87181950207469,26.81304001,61.3844678,0
56.69567340248962,30.68585871,57.52299464,0
84.46428840940526,20.48484755,58.9954104,0
64.47381972337483,28.40070315,69.86721727,0
4.882775394190872,26.9661422,41.84457576,1
20.4273130428769,33.20317144,69.32695709,1
85.19722125864455,28.53283455,38.73803863,0
88.0194891286307,28.85465549,52.17615793,0
65.72149466113417,38.57242478,78.51221365,0
91.96219915629324,21.8137453,38.49366096,0
45.73207363762103,34.19842898,74.34013814,1
72.66520811894883,18.99777677,63.29105671,0
39.82578748271093,21.35518362,67.12102521,1
81.0354110096819,27.45293576,60.95439745,0
72.32282795297371,33.05619648,44.6969296,0
26.702892185338868,34.49419578,76.61353548,1
25.170151092669435,20.02417126,41.35664392,1
37.016744785615494,32.6318157,63.37110557,1
25.18750987551867,38.10449706,45.706061,1
11.663852918395577,33.94526743,76.9902668,1
87.71837621023512,18.0640508,63.58492743,0
88.9586606362379,36.47965904,38.42976305,0
9.53378123098202,33.43322456,76.5171707,1
86.96734500691564,20.08389356,52.77315932,0
47.52338250345781,34.46895766,72.81786572,1
17.956505394190874,33.9581668,80.17368882,1
45.56944390041494,33.48313419,53.42749828,1
26.73294539419087,18.07034624,49.005638,1
50.38926680497925,33.24628155,80.49975631,1
67.65863629322268,29.78538937,52.75671416,0
90.3188912033195,23.57071978,49.90053574,0
42.338614910096815,20.96572316,66.68300869,1
19.204274840940528,28.7832231,56.70988442,1
44.98560565698478,19.46897763,66.71946522,1
25.870498893499306,22.05824754,39.68593112,1
53.49811410788382,34.2954284,51.04887547,0
11.898888437067773,29.06516617,51.3934381,1
48.66438279391424,30.03840411,47.14779929,1
85.67582640387275,33.03169187,69.75791683,0
85.92399835408021,37.72794091,49.48597768,0
46.84942506224066,24.81707336,77.19021417,1
13.751370304287686,21.8397285,58.41111028,1
18.502382683264177,24.18178427,50.29044172,1
27.45779594744122,38.28947471,75.89310207,1
57.32669236514523,37.39082723,41.18675878,0
31.787203554633482,37.91412145,59.16715369,1
22.758029626556013,34.28258454,64.26476049,1
49.80421118948824,33.69181414,61.64305494,1
31.42472403872753,18.06805145,57.73955061,1
51.74806038727524,24.46333389,76.90683894,1
69.74791878284924,35.00478541,55.58292007,0
86.66401513139695,30.00848592,60.07503838,0
65.3494002627939,22.16209889,62.92243703,0
88.05317067773167,30.07657017,68.18888119,0
76.56626677731673,38.94109926,44.4401295,0
7.071864508990319,26.05424045,63.9171479,1
87.72655116182572,31.03123272,63.00356384,0
23.230527358229597,31.34285948,79.39424911,1
22.905208852005536,18.90262053,64.8929091,1
72.90488074688797,32.30803351,51.47991526,0
8.2474804011065,18.39508066,53.51470682,1
75.033119197787,20.27115171,48.11180371,0
42.60705213001384,27.47300278,49.06551866,1
24.197429197787,36.43633346,39.0583098,1
76.13834427385892,36.90435388,46.18342057,0
38.4059671922545,20.42358886,49.6688995,1
59.21595106500691,27.69024765,48.98779992,0
48.720317524204695,20.05445846,51.60702634,1
73.14687365145227,24.42345231,48.24331191,0
49.446782171507614,22.22067707,58.49823605,1
26.201886694329186,30.64437683,41.60244355,1
34.45599857538036,35.26709521,50.31823996,1
25.208697081604427,20.52175903,47.21638304,1
85.17922874135546,18.31758649,81.13868483,0
34.26368800829876,27.3973287,74.05445959,1
61.02583384508989,38.02198199,54.97312957,0
72.77661683264178,32.40035273,57.72330186,0
50.648892185338866,31.3333338,74.99718932,1
38.87088421853389,37.01170886,54.53817018,1
4.691003582295985,36.07653101,47.14456722,1
65.43646016597509,27.5122104,66.53107632,0
70.761943582296,24.44994901,54.96684704,0
29.656328699861696,28.89542927,56.98597634,1
61.68263398340249,26.8868531,61.47469198,0
25.658519847856155,20.28632827,49.62730618,1
34.562219377593365,22.98117635,43.75409752,1
51.045829432918396,22.1858907,73.01361621,1
63.937899446749654,26.04251625,62.41451116,0
86.26460618257262,20.68078332,48.87828609,0
71.81097192254494,38.87568129,68.38417448,0
49.21934853388658,31.40471425,77.09062875,1
14.419319170124481,38.10096183,53.92271863,1
25.156911355463347,33.34211201,49.83539069,1
22.051628921161825,26.11387023,66.65242868,1
56.6885717704011,30.53906354,47.1717968,0
23.22883893499308,18.05863783,42.56782035,1
85.08680196403873,38.89726343,66.93339222,0
20.996218796680495,22.92268697,40.07478245,1
88.72713934993085,24.27936292,62.20080995,0
57.020293540802214,26.30848156,72.03292064,0
5.961103955739971,34.87396409,54.7320856,1
27.422353665283545,19.85339719,41.20088607,1
55.52936990318119,29.28647581,54.94280747,0
19.35515145228216,30.90791298,47.11017238,1
12.264258022130017,29.95497978,40.16527173,1
32.962848838174274,36.56932136,57.22008081,1
21.648126832641772,34.73809727,73.59852242,1
62.332667510373454,29.28697037,65.58834557,0
94.00035748271092,36.65353604,45.10690968,0
7.517461037344401,31.61024439,68.51930288,1
71.68803994467497,38.455112,72.0337382,0
5.425895435684645,29.27132944,60.95929441,1
66.20446107883818,32.66976446,55.43627987,0
63.752192240663895,32.54795035,51.21303632,0
75.04171637621023,28.91993313,52.56600386,0
18.319141590594747,37.44313664,63.59821724,1
5.856528450899035,23.51997426,62.55171865,1
25.531758284923928,38.17185751,75.88842627,1
27.93530197786999,31.25364066,62.97501348,1
68.19104181189488,18.04807776,78.46314968,0
76.5030049792531,35.93856426,39.15998799,0
61.958252558782846,21.24617468,71.09725654,0
87.7552338174274,22.32336766,42.28299224,0
23.407098118948827,23.87879412,68.16878619,1
81.31448358229599,27.07385509,52.78859299,0
33.73398863070539,21.59506142,47.56306587,1
24.901214882434303,37.50540545,51.12393403,1
27.434849073305667,28.20897461,40.51711255,1
79.72844016597512,23.38640922,64.95193114,0
52.72575276625173,23.13817456,64.32798855,1
73.20790300138313,23.4317587,51.40986031,0
87.33075979253113,37.86194496,41.64268467,0
41.42474171507607,32.10441202,58.42546855,1
73.34697514522823,24.72435574,76.19043811,0
90.31931439834024,38.31761626,41.07273157,0
75.2681585615491,32.2038455,58.08631826,0
2.240991784232364,35.59376787,70.76477028,1
26.98566236514523,18.72208571,51.31826044,1
40.97070573997233,36.29947524,77.4747157,1
77.2904465560166,23.80867349,42.9224524,0
72.75588706777316,20.66675595,52.71089849,0
88.94787336099584,34.35836939,81.13595673,0
40.323392544951595,25.62698605,49.17305661,1
58.61134500691563,22.06494486,71.74121187,0
88.62239030428769,32.67585021,38.80059404,0
43.762378395574,25.88778366,38.91463049,1
46.839291825726136,22.85083607,66.58380929,1
2.4726943015214355,26.64794701,77.47450161,1
24.18658803596127,26.62387958,66.14193773,1
47.571584149377586,35.99851487,44.06139688,1
79.92514777316735,31.17324724,51.96821927,0
66.43114900414938,32.54991305,51.80975882,0
2.3507730567081566,29.81441321,39.80228798,1
27.84915594744122,26.57632088,77.97124165,1
92.26859459197789,31.63250602,79.98874797,0
37.675884301521435,29.35212622,74.62516028,1
44.175268769017976,23.68084887,80.29814418,1
25.684187773167356,25.79331036,58.57612451,1
43.40546692946058,35.35780754,43.47058095,1
47.235109294605806,26.17577866,49.68815975,1
36.086340968188104,25.24347945,58.61539851,1
11.668096486860302,24.71948153,48.46178788,1
84.62510315352696,22.91017067,81.1842176,0
54.11152293222683,29.24934733,78.13819685,0
14.62887338865837,23.36019023,67.75524429,1
49.580549266943294,36.40758004,72.08771224,1
25.44127435684647,21.66046051,46.57276631,1
43.719406998616876,32.95292274,45.9757584,1
56.61570109266943,38.97635466,53.18565872,0
45.58471464730291,33.39555033,51.70092003,1
21.011525048409407,32.67296267,73.67754457,1
19.699353928077453,38.01839296,62.53712491,1
38.85453495159059,26.9247091,57.4992787,1
87.74912239280775,20.7085022,46.28363381,0
53.856851424619634,19.76653165,50.75139122,0
32.24924618257262,21.65423092,60.13726891,1
22.78838387275242,37.71880069,61.30742341,1
94.67650579529737,25.97542209,68.78222978,0
83.91732669432918,33.85227925,42.87269159,0
74.02099789764868,21.63330878,79.68005376,0
92.76413629322268,19.29675729,72.71570212,0
13.210314923928076,20.4236021,55.95193505,1
71.81701757952973,23.72082195,41.06579475,0
57.06829614107883,37.9614675,74.51796741,0
14.478176085753805,23.4870717,80.86874415,1
46.81052499308437,27.96633666,67.15196496,1
59.09618549100969,28.96822647,74.62873519,0
57.37008533886583,34.40843976,53.73678344,0
50.43528832641769,28.19488422,54.95007211,1
73.35547177040111,20.21041556,46.44460999,0
93.24737333333334,35.16636729,59.30880621,0
80.59442828492392,23.00983875,75.10687598,0
34.30330704011064,28.27651469,38.53341989,1
77.9688281604426,28.70566694,55.54015959,0
34.129706224066396,32.7472818,79.45846972,1
45.8087904702628,28.89914371,63.97851039,1
22.85343950207469,31.76935889,49.05274944,1
85.04463105117566,20.73887144,71.8820072,0
52.70481526970955,29.08422536,52.63819033,1
94.20842986168742,24.79513237,53.26658131,0
49.721223900414934,26.24073757,81.08616223,1
13.956116500691563,30.36494338,57.92610224,1
90.47474139695713,23.32455848,67.01710011,0
12.480296486860302,30.03237107,48.18695187,1
49.78468078838175,31.0499144,72.79029384,1
49.85325531120332,32.4438152,44.78310634,1
65.35189639004149,19.53476425,53.63320749,0
24.572845034578144,18.85065176,58.49150897,1
24.54117933609959,21.58600692,65.0621897,1
44.84691539419087,22.52197245,64.03483237,1
23.65160900414938,31.98223763,38.54015785,1
85.58238373443983,33.83554035,65.40396796,0
92.98189687413554,32.02993324,38.82512406,0
39.87204720608575,29.41087928,48.82563578,1
84.90285553250347,36.97001733,53.82196283,0
60.38710222683263,32.94288307,43.54830491,0
32.21359366528354,20.3675225,67.3026329,1
80.01310947441218,20.71974191,58.03358695,0
57.51051081604426,22.07712242,77.07679427,0
31.881561632088523,18.41424346,74.69443753,1
63.014047676348554,32.90428464,39.74171335,0
62.13124218533886,31.64161786,44.10637679,0
38.9714535131397,21.16058153,62.84916989,1
62.053922268326424,37.64214802,68.09171348,0
57.29346536652836,21.15491454,75.7342195,0
53.76871470262794,25.39132507,69.05076648,0
40.6850507053942,18.05903381,40.27384184,1
74.80643510373443,25.12656589,59.33438249,0
19.00066923928077,32.33731607,51.42813353,1
15.890315892116186,28.62816569,74.45677482,1
24.08221022130014,23.55873738,54.94503121,1
13.263533029045641,35.17175768,51.46068188,1
55.72216377593361,26.53145526,46.24425971,0
46.48784138312587,27.77166914,56.95199053,1
56.01683069156294,30.61340185,75.6289218,0
44.532112738589205,23.24606653,38.05607968,1
36.11122134163208,31.41232779,47.16794059,1
18.048568741355464,20.87169188,40.86432039,1
33.08100947441216,36.55556494,66.53030954,1
66.67309506224066,29.79165004,45.24378815,0
89.01954449515907,36.84568781,79.29065735,0
46.51316926694328,18.37141443,51.08711839,1
57.761671134163215,36.08277262,66.02262728,0
30.615183568464733,38.53524014,75.64068712,1
60.2951844813278,31.39100413,70.04853368,0
42.41526792531121,29.69384527,75.03976512,1
42.68610951590595,25.62238417,59.1075928,1
86.50700966804979,31.29675672,64.32612136,0
40.990970829875515,35.2758356,64.08274951,1
64.73033576763486,26.66215361,73.76450148,0
69.44428203319502,30.1123302,68.29775513,0
59.66812915629321,25.25559302,71.04840045,0
3.82095142461964,34.87015478,47.40363284,1
92.48052571230983,38.85352296,60.67683643,0
34.01638428769017,35.17145793,39.57614399,1
32.761163402489615,28.24250359,72.62342941,1
44.5090929737206,25.01497262,64.55203422,1
8.207012683264175,26.27249523,42.75389047,1
53.60230225449515,34.17352417,69.48625345,0
14.814761728907333,30.89979917,55.1827885,1
66.83596809128632,21.88008631,79.33967815,0
3.275272904564312,35.05311842,51.91809652,1
53.84333988934994,31.0990177,51.53382038,0
10.700051922544949,22.55072348,75.54862619,1
67.27312395573998,35.01095861,68.68755054,0
80.92589449515906,29.07731908,47.82603725,0
90.18184463347164,33.90801008,41.29684387,0
72.43223591977869,18.98916504,56.31016394,0
10.87679737206086,18.38772107,47.74632561,1
30.852984066390043,36.5241625,72.37280618,1
78.55145352697095,37.53191271,69.29236526,0
3.910557358229596,27.6568748,51.88971383,1
55.444179626556014,28.02453568,57.0376537,0
45.74882341632089,28.92860354,66.45325356,1
71.6783786998617,30.16692857,66.57074743,0
81.59415078838175,32.13554839,63.1229009,0
9.639103596127248,25.19215304,46.48676344,1
74.39775845089905,33.99340104,71.01263397,0
47.12125461964038,20.29012438,48.46842694,1
12.926667164591976,29.20288102,52.63509759,1
92.35505131396957,33.7508084,63.97619937,0
41.99480177040111,31.94056071,46.56752637,1
9.665722199170125,30.30262754,70.15445451,1
20.579164107883816,37.72149571,49.61790901,1
67.86500336099584,21.14271796,79.11290148,0
72.20275777316736,18.67475018,47.96938199,0
68.7096783679115,20.19153474,73.74696145,0
28.480116431535272,31.65832788,75.05305502,1
43.99887392807746,26.61647493,79.64706401,1
77.46391142461965,30.39232542,63.52258189,0
73.64924127247579,32.79448245,51.71232505,0
27.22267582295989,25.54675721,79.97853667,1
78.31171798063623,26.91064859,50.99813383,0
46.254269612724755,38.77958164,44.31105783,1
19.65376723374827,18.23106961,62.72107998,1
85.74740741355463,29.77581797,48.43456102,0
38.369439059474416,20.54039819,77.23720305,1
88.26521531120332,18.85151112,62.90551203,0
40.02392251728907,38.03190689,57.58098304,1
12.434261120331952,23.33581927,68.31792239,1
66.16089964038727,27.77264397,40.37183393,0
77.65083316735823,31.02832649,79.77230005,0
46.321786168741355,31.98420426,51.2495242,1
11.384830691562934,19.99263307,79.51140935,1
65.70553012448134,22.31777601,46.84797898,0
9.244960580912865,38.43627208,41.75538957,1
11.966819598893498,21.71739016,41.59180299,1
57.74740752420471,18.70535639,53.57470499,0
57.53802246196403,38.04933379,71.13208441,0
73.40601136929462,27.51723525,61.72892533,0
90.02773622406639,30.47158501,48.34749426,0
69.88678575380361,26.52609749,64.91045536,0
70.85872134163208,37.34241969,76.45659573,0
55.439890567081605,35.00760834,56.42931733,0
45.365528381742735,36.84630434,78.54995112,1
87.13391300138314,31.16051634,77.86025913,0
24.80362307053942,22.60234037,54.66066515,1
89.77996426002767,25.42587483,73.62423687,0
90.82058834024897,20.08526132,59.99937374,0
34.5551122406639,26.91592163,48.28636202,1
36.93486676348547,30.21643669,79.87300727,1
77.27581769017982,24.1796707,58.4265019,0
79.78052562932227,21.2696214,48.30616759,0
58.56848674965423,32.90367743,59.75512728,0
65.962041604426,34.12271479,70.140097,0
85.89791445366528,36.29114257,78.41652317,0
30.19325998616874,28.10468596,75.96087403,1
22.59033860304288,25.00396861,43.60686182,1
38.39424912863071,30.19343209,74.8941674,1
80.5612512724758,22.75695999,51.82283819,0
92.1109218395574,20.56517212,49.27816848,0
65.74955446749654,18.41849316,57.7958344,0
92.12501907330568,33.19251835,66.17256015,0
66.32202556016598,23.88017864,76.68392001,0
48.75772553250345,22.08566886,39.35034206,1
21.43184965421853,19.64370139,52.07902279,1
86.02350607192254,30.17321403,63.99941095,0
78.91152388658367,21.75881923,56.25280443,0
36.796605988934985,37.56160538,75.23121858,1
86.14890868603044,23.44207459,57.65934271,0
9.564744177040115,32.04118473,58.11991423,1
10.40068625172891,30.97897523,48.3893111,1
37.270827565698475,30.26308373,70.45657904,1
85.8805792946058,28.85199369,79.58379808,0
53.6791227109267,26.25440613,75.33066077,0
35.44692261410789,37.96377818,78.34920411,1
89.30152890733056,37.90100005,55.21881004,0
75.38986701244814,29.89153246,43.19861206,0
37.168902890733044,32.54629878,57.29781218,1
55.79516410788381,31.46659029,54.6468595,0
32.30500094052558,30.50524479,56.45939719,1
84.65152972337482,26.49668735,71.28493693,0
48.69812658367912,30.24308677,61.60341623,1
41.12680300138313,37.79162365,63.76465412,1
84.81054430152145,18.31229088,55.69426101,0
81.61025871369294,35.09504407,67.75074416,0
11.35987235131397,38.84043525,60.46592322,1
69.26112849239281,29.16231992,46.28767143,0
54.733463236514524,27.52283836,58.87695001,0
23.754248713692945,33.71881682,77.86846116,1
45.25202885200553,26.05486384,68.1064194,1
90.77763503457815,19.23394271,61.05262138,0
70.4593355186722,24.2811075,41.16005328,0
10.657876970954353,29.48061147,73.52634484,1
84.4646623098202,37.40756856,42.73632489,0
30.34846013831259,22.28058393,59.92074605,1
75.21704777316735,24.32216737,77.54725869,0
14.263906957123096,19.78504573,67.3458458,1
42.72111341632088,31.85845796,70.48824338,1
66.3463325449516,23.67640818,64.17415196,0
29.423891300138312,33.85975468,53.69886136,1
43.846244716459196,37.45750356,71.88129158,1
62.362302240663894,26.01715933,72.90003735,0
39.59471179806363,32.7822817,79.39622136,1
49.662369944674964,35.49790239,71.1491586,1
17.10380991701245,26.93286404,50.31058035,1
47.894122489626554,36.55190734,41.65580238,1
76.3700899308437,24.17474745,69.11859986,0
59.66965362378976,18.71531892,48.28415874,0
69.27778982019363,30.05533821,69.97060658,0
50.37122163208853,31.18727889,60.49409555,1
67.38076571230982,21.65127494,55.7252783,0
50.15043110650068,36.02080861,51.48634067,1
60.984430733056705,37.72111925,54.80628439,0
28.158318450899035,20.08994075,46.80082745,1
28.57917020746888,34.15348078,49.62560409,1
10.95292203319502,36.09354546,69.93111448,1
43.45017979253111,22.9634073,47.21001228,1
15.690152697095433,38.87274949,70.23262977,1
66.15788491009683,29.25138974,70.71133193,0
91.04938044260028,32.79551925,39.3070488,0
90.65732893499307,25.14303434,61.0931033,0
71.14535485477178,29.05672935,50.58046616,0
77.17885084370677,22.61640483,80.10841303,0
43.16513887966805,35.10280421,75.47179027,1
66.57628034578147,38.64204198,78.29800327,0
27.77001491009682,38.93488886,60.17567916,1
38.672743208852,28.05593214,65.69814377,1
53.8360821438451,21.75547582,45.25242536,0
55.190587925311206,37.96583119,58.17393299,0
40.944246680497926,27.35740702,53.24583323,1
28.01446894882434,36.58543299,47.51758222,1
35.49110022130014,21.7526806,71.81692789,1
62.180851770401105,25.96604941,66.56851557,0
53.518526652835405,29.89236215,67.17688678,0
36.01482383125864,20.93929387,73.96846842,1
38.5955469571231,33.58764565,54.17597675,1
50.195644730290454,31.53475002,63.58550902,1
56.91099446749654,21.36367169,47.6595957,0
22.32524125864454,18.0418529,72.03049538,1
41.705272849239286,26.52973027,38.46631254,1
79.36504348547717,27.29019591,50.65531449,0
81.69148921161825,20.20750976,77.32392626,0
40.690692213001384,37.37722111,79.73774727,1
54.148959681881045,22.56823682,65.57500466,0
71.46017486860305,28.19131117,47.32842254,0
19.22510663900415,25.00097293,63.22575853,1
70.39726712309819,18.02308482,43.58677896,0
87.4119874550484,24.43816379,68.09417311,0
22.46382937759336,31.31916242,69.53390368,1
15.13741603042877,19.39718741,40.6394571,1
60.591005408022134,30.57580061,60.2918971,0
91.2142681604426,22.51616591,52.69807052,0
71.00148457814662,28.35694127,55.93842284,0
9.407655670816046,22.08664291,75.37759171,1
90.18526203319502,30.57818007,42.49050933,0
35.708068022130014,32.57947349,71.81445992,1
34.438298658367906,22.76198712,48.95790476,1
80.12032944674965,18.10828862,53.20645496,0
22.1843293637621,30.32878719,58.39334329,1
89.2510389626556,32.40779927,59.10097832,0
87.70178564315353,34.76936813,52.91122041,0
19.143644011065007,30.79575062,76.08648139,1
18.876576721991697,25.2639197,73.77990546,1
33.327783485477184,37.08163941,75.30766096,1
93.3274810650069,33.9475768,66.50500922,0
72.86161383125865,35.65237852,59.57541333,0
83.65406417704011,22.35036277,48.23864636,0
89.02213157676348,31.78896301,55.6272269,0
15.458970912863073,34.81096857,45.96664777,1
94.53406272475796,19.38014281,55.39879336,0
38.96261551867221,29.91325032,58.38617365,1
48.7792942461964,21.06282126,60.33600657,1
32.040740165975095,37.21101263,75.77708667,1
58.38357492392807,22.27204739,53.14085316,0
47.25160567081604,28.36837406,70.30593756,1
71.04302228215768,18.03657251,56.68663608,0
50.378352987551864,26.89584589,43.32958301,1
40.019100069156295,18.99337216,64.57101819,1
78.70702803596129,37.35771895,55.80682479,0
48.32569091286306,19.67378804,62.71193272,1
61.451496721991695,37.05718767,51.92453065,0
71.63557312586445,20.00561426,74.53653945,0
94.66824738589212,31.0774931,67.65140777,0
63.338798271092664,20.71591201,38.56898206,0
76.07044098201936,36.68693169,80.96288504,0
15.945621396957128,23.38215283,74.35406514,1
55.73869269709544,36.29787689,80.39495016,0
46.84928331950207,24.36349844,43.43980332,1
6.255163554633471,25.96098326,68.82794811,1
56.20415557399723,26.51240706,74.09449288,0
72.65604781466112,25.42232996,49.7584774,0
76.37219442600276,21.40426992,80.41494851,0
39.62193347164592,23.03255276,73.4330285,1
37.80669690179806,33.04977984,43.2768211,1
75.47408024896266,21.66234278,54.11800289,0
86.30445887966805,37.88213074,70.10893697,0
47.062455089903175,25.45782073,52.16927391,1
50.93268892116183,21.52404562,74.43168053,1
59.74691354080222,38.51188115,45.99526635,0
78.75966347164592,23.36228591,67.10888745,0
92.05810237897649,24.5662605,40.33388517,0
43.722612793914244,26.5824958,69.02879161,1
71.74338546334717,27.44876772,61.13411325,0
80.88766015214385,19.09239526,76.47670325,0
42.22379767634855,32.43215467,43.55996339,1
59.16113517289073,25.04881504,49.92482747,0
78.3073728769018,30.16597056,58.30830992,0
51.24189785615491,36.80888759,78.64358638,1
92.51775477178424,38.96526949,54.4698956,0
39.135891950207466,24.19047465,48.04768595,1
42.105829626556016,26.97829197,39.12107459,1
18.793066556016598,31.04325951,79.98262598,1
35.50652955739972,30.7581707,79.16322729,1
76.84212100968189,24.72328335,59.61199671,0
41.0331403042877,31.53313739,48.73081836,1
19.979171562932223,25.80003562,39.21528112,1
92.44124946058092,26.49266911,53.36520693,0
4.240617897648685,34.42031409,50.99181607,1
57.332185172890725,24.72608435,57.90312622,0
20.953017731673583,29.98932258,55.72094592,1
53.78698943291839,35.35539778,58.72923221,0
36.266959585062246,28.99285492,71.53812771,1
26.015152876901794,23.41524452,43.95001663,1
55.03930398340249,29.69790934,45.82429413,0
66.65494699861688,33.31310247,55.21907099,0
90.94241907330569,18.4189478,40.29044218,0
60.895844536652845,34.85108313,50.76394304,0
88.04144867219918,27.33767407,46.054531,0
48.809850152143845,21.60982077,47.29405298,1
60.997471203319506,20.62486798,79.01234662,0
82.84522798063624,34.44414011,60.78475498,0
81.85324770401105,35.14789549,54.69812903,0
9.02428029045643,21.87981324,62.81473011,1
86.21492864453664,28.27952563,38.4643338,0
79.21834058091287,19.03832662,53.04884457,0
43.95763383125864,33.75230875,78.89978599,1
37.45951672199171,29.78826787,38.4838614,1
65.53303742738589,27.67098211,78.43999586,0
22.998931479944673,19.92300369,54.39093057,1
86.81183466113416,30.8757391,75.25367229,0
29.828610456431537,38.14043672,48.64652443,1
19.166094550484093,34.79852335,59.96381988,1
26.91853961272476,23.17659108,47.89163966,1
86.74923908713693,23.99376201,62.64371009,0
28.255018838174273,27.66429451,71.62320557,1
53.053297593360995,35.86454674,64.87087827,0
54.690717399723376,33.9678819,77.06546517,0
89.72487603042877,36.23818107,46.57858556,0
72.178883582296,21.59618951,45.58878105,0
28.784104674965427,33.18911693,51.80114566,1
91.61109590594745,27.93450022,38.18142961,0
21.698782627939142,25.73632528,46.61877088,1
49.655498589211625,30.55814526,52.29361201,1
33.90270416320886,19.42272937,58.76400279,1
68.63228991701244,19.57184361,79.61548078,0
88.88042383125865,24.63051384,59.24840344,0
11.47578734439834,21.00199804,59.02205152,1
54.619048741355456,25.25670925,49.64742114,0
14.262645283540806,29.50942362,50.9038211,1
29.252231742738587,36.56291194,51.77263194,1
88.03967731673583,26.24508493,56.26797289,0
67.69874764868602,38.56065877,73.5716658,0
80.84733459197787,29.24865762,43.30018798,0
56.360727814661125,21.61528913,58.48887723,0
47.50242363762102,23.71237537,73.04744532,1
89.29597650069157,24.40270948,59.06540585,0
31.058366957123102,28.05915574,63.06917873,1
56.3388365560166,25.87581023,75.62921093,0
32.4324878561549,25.24791883,44.83690614,1
24.84928968188105,33.73085853,48.1180753,1
76.17290760719226,26.39636205,54.25378075,0
54.036120345781455,35.45977347,49.6036282,0
47.594735477178425,38.83719454,74.71370973,1
73.23653408022129,37.4547558,75.29105374,0
57.697664674965424,19.66801155,41.05842758,0
16.31870177040111,31.14616491,55.11381762,1
14.625924080221303,35.7186087,55.13471515,1
86.8864823374827,33.73274779,49.96306722,0
3.4092001244813286,36.45717946,47.85971591,1
18.88103058091286,37.40104424,67.2270859,1
67.33612739972337,34.83808184,62.61838003,0
40.309566390041496,30.28038137,54.51143358,1
38.20822525587828,37.06950988,77.69338783,1
12.81993217150761,26.73582047,54.68369751,1
58.139575836791145,30.4983656,44.72020754,0
53.25597627939144,27.98237171,59.6899451,0
38.23382800829876,34.80104228,62.13405771,1
73.76554670816044,19.27003383,76.36934521,0
48.09740520055325,23.1589559,44.65804922,1
73.78232123098202,35.17669961,63.01109739,0
72.62674918395575,19.75680264,58.95850402,0
75.10581962655603,33.84774608,47.7762268,0
67.25824850622408,22.41872767,65.11092574,0
90.94558773167358,30.02767235,49.41334865,0
63.87573651452283,35.96762962,73.57814523,0
5.868186887966802,23.92514847,43.93674651,1
70.30192295988935,26.18055818,79.54552024,0
85.42271409405257,32.79837092,70.801908,0
93.31756807745505,36.34405918,73.98933944,0
37.67120449515906,26.93053313,41.01367881,1
94.4128356846473,34.68302059,65.92672407,0
42.51170546334716,35.74301561,57.50459005,1
41.049404522821575,23.31705906,53.28384801,1
58.01793121715077,30.07664237,53.38092247,0
19.649076984785616,35.40252211,72.86574049,1
62.18143598893499,29.56030264,48.83882286,0
21.031336127247577,22.10427893,45.03131872,1
36.313036362378966,32.87157231,39.94358184,1
54.721378105117566,21.80980028,68.36974589,0
85.57188401106501,19.08617129,67.10560104,0
78.05663547717843,19.38924668,73.55445587,0
59.7988469571231,27.1603892,70.08812816,0
44.88971572614108,37.46037061,39.12413063,1
36.42726182572614,38.3104327,73.35048135,1
85.97678786998617,30.0499607,62.79593476,0
5.2311837759336095,20.83560608,73.49043343,1
4.7509312448132786,29.0456744,80.47795353,1
22.55478333333333,30.55254917,42.19150003,1
30.566631715076078,21.99180565,53.80173342,1
59.47680640387275,29.1213771,61.01023667,0
91.60276930843708,35.73298552,49.38340442,0
51.81932406639005,31.84482293,50.9447955,1
71.67956773167359,22.9737802,42.76213964,0
24.38021704011065,20.13976771,64.62884463,1
87.96363586445366,20.257733,75.38391868,0
57.747281687413555,30.77575438,47.38666827,0
48.50224791147994,21.86106029,50.91438497,1
80.19457524204702,18.88745366,63.08025603,0
18.993885656984784,19.34636915,41.07765265,1
85.93199908713693,32.49087083,77.59642677,0
43.38204816044261,23.8256945,60.06699302,1
81.83215697095434,21.13272192,67.151166,0
91.32007601659751,32.9372344,64.85500448,0
59.03889470262794,22.71179143,81.17051296,0
23.036215643153525,30.86286885,73.39259253,1
55.398263886583685,24.80234294,45.77242745,0
49.54236929460581,37.5805476,78.23585951,1
27.190840276625178,37.19430726,55.19091971,1
23.383434923928075,33.26280787,65.83926883,1
63.67296965421853,38.98266297,67.35342141,0
94.03875077455048,20.71598026,65.01713554,0
33.088195988935,32.36745933,61.11690991,1
89.78441052558783,18.23298915,44.58465964,0
8.804176569847852,20.01590422,70.36432508,1
4.445412254495163,18.47040124,45.11075875,1
34.78421804979253,36.4277688,44.61776584,1
8.288571230982022,22.39878349,64.47524358,1
27.560082378976485,33.89337033,66.43430519,1
32.836236998616876,30.05765423,39.85848638,1
32.059072282157686,26.16314208,68.30073364,1
75.31077746887966,36.468962,71.27798643,0
21.459078755186724,35.556683,61.82823012,1
36.71630510373445,33.69203137,77.37285038,1
68.76159053941909,18.46186153,79.98931458,0
65.25962358229599,32.47608139,65.49454495,0
92.98417618257263,29.19014257,77.03997916,0
73.66856998616873,32.74689352,52.13902681,0
82.61693666666666,20.43972201,41.66439279,0
92.69257343015214,30.66880669,48.14694968,0
31.77513850622406,26.67866413,48.41194805,1
93.37520680497924,38.27545546,45.64316315,0
51.92315421853388,28.69990089,38.24216744,1
38.574057524204704,23.53613571,57.33681672,1
60.62184809128631,37.6465697,53.08936966,0
94.24784179806363,28.81015271,46.32995109,0
41.46815603042878,36.83278446,65.8929089,1
33.60436923928077,32.001812,44.78996039,1
19.414291355463345,26.8381455,45.10692892,1
22.95085459197787,37.24980874,55.60514288,1
40.76291117565699,28.61148738,44.42857702,1
35.85987518672199,26.87690639,55.99453314,1
74.53791052558782,31.83076506,66.52800785,0
67.93529749654219,38.19926515,43.79936097,0
69.56171477178422,25.65387911,80.32092719,0
43.11665717842323,28.47073032,76.32658495,1
33.72241784232365,19.16321404,63.27620516,1
86.02445474412171,19.44769158,48.18675077,0
10.128408630705396,31.63550239,56.2945911,1
73.89613607192254,19.13045316,80.38899129,0
8.499148229598893,38.78493475,78.6258674,1
68.9629744121715,33.94932238,52.22347846,0
30.652203969571236,34.21497308,53.19006489,1
30.3940944121715,36.92756776,39.40998757,1
38.73501715076072,32.03349845,67.82869915,1
65.1352776901798,23.04695196,47.76257726,0
68.51697802213,32.91059138,68.57090886,0
49.32480846473028,32.15583135,47.54433928,1
49.54302453665283,23.82382525,47.68464961,1
29.782737939142468,29.31800172,53.81253237,1
73.99810998616874,20.10223484,73.09777112,0
42.28497286307054,24.88684162,50.66934103,1
52.24992734439834,27.9698024,58.42860961,1
9.997872766251726,19.5140938,53.25848405,1
75.36802011065006,21.14396038,38.47447131,0
72.34185821576763,35.64806181,50.51442919,0
39.502805034578145,38.57570662,65.94336077,1
90.56347141078838,35.11573262,56.08167309,0
44.30701063623789,30.31674923,72.80003257,1
36.64100405255878,36.50484946,50.51481723,1
79.94016780082987,34.93341744,76.95159066,0
9.774631341632087,23.73996433,57.84112525,1
34.607961134163205,32.41042249,52.085322,1
40.343756293222675,36.21461684,69.23732578,1
11.680401272475791,30.9067231,51.10989401,1
6.132376113416325,20.29109218,38.93588672,1
69.06767019363762,33.47276059,46.27637857,0
59.288323665283535,18.90431307,65.03744882,0
49.01116586445367,22.88142269,48.7906061,1
14.520456141078839,28.44536613,62.01907398,1
80.65760017980637,22.33201545,62.33416615,0
46.36942253112033,32.50556591,71.4598388,1
23.922548049792532,30.94396029,58.74233378,1
94.25551829875519,35.8363985,68.61960319,0
86.62009121715076,31.27671657,52.04141828,0
79.41118894882435,30.84035089,80.78886983,0
18.164326473029043,38.12439257,72.41965772,1
47.40233052558782,19.27278395,64.39240928,1
45.724715864453664,23.25362964,73.05106057,1
40.149888395574,21.60308549,43.07702794,1
7.445697247579528,33.46987874,46.48973812,1
70.23816670816045,19.97201159,48.90382783,0
86.37372114799446,30.45274412,78.16442739,0
5.399259045643154,19.80341986,46.35797161,1
79.36904923928077,24.38850579,64.61127326,0
93.18791734439834,31.73379104,57.00249466,0
74.0367716735823,36.21595651,55.55851827,0
18.919574343015213,31.49690735,64.21479755,1
88.42504540802213,20.38339445,74.09752129,0
43.90943153526971,32.51772374,73.96592618,1
69.71955663900414,30.31124827,42.51336789,0
67.71278583679116,34.64663843,78.96364767,0
65.42983186721992,18.40618087,44.30280173,0
51.013876099585055,20.74707072,58.6147207,1
10.05925869986169,24.53801993,62.8753155,1
57.565337330567075,18.92209781,57.08887263,0
40.24202474412172,31.69509823,72.04317916,1
62.88029748271092,26.03005719,38.49904096,0
28.873574287690186,25.10371504,57.14599296,1
2.2827217012448173,37.79081929,62.50461285,1
15.869653222683267,18.8669356,53.86586464,1
15.457951784232367,32.17858734,56.69137253,1
80.56657258644537,19.26030223,75.82557154,0
71.17227699861687,20.1944055,61.81188357,0
41.63697607192255,27.84424217,72.18477047,1
7.6216320608575385,21.97899724,80.96629953,1
27.73394869986169,23.91558121,43.81027148,1
47.457649640387274,23.80609137,56.19436672,1
42.30017637621023,26.45548525,50.3511229,1
45.755349834024905,35.37990918,46.9621624,1
83.47092585062241,36.84306652,73.42206458,0
69.07852035961272,21.09845876,49.45806006,0
52.79300322268327,18.58552501,63.3529021,1
51.20411597510374,34.40175722,79.56989463,1
4.170614246196407,29.79206901,79.00512845,1
29.22654297372061,35.51312237,63.21800481,1
11.758427482710928,25.67138623,40.67579156,1
74.96375663900415,26.92046796,71.10763281,0
86.45926363762104,29.99290072,40.71287173,0
78.21890258644537,20.61434227,55.16371062,0
24.157530096818807,37.6699513,47.3258399,1
6.252335656984787,31.80040134,63.50511615,1
88.76264647302904,33.9289588,45.80875707,0
42.49223517289073,34.73814398,42.19732316,1
63.02150196403873,37.99821636,79.01546262,0
31.98370172890732,34.00382367,75.82872979,1
68.09016060857537,28.07936756,70.94132848,0
72.51530547717843,34.87462102,55.7013565,0
17.454477372060857,36.85469656,44.6271782,1
55.182582378976484,30.98211154,59.56555022,0
84.73532066390041,34.42754338,62.10759885,0
89.57901387275241,33.79065551,68.56337005,0
56.4620484923928,34.34873268,39.49048875,0
28.645475905947443,26.83036797,67.21069398,1
65.0897519363762,27.42091462,55.06185531,0
44.169549861687415,30.79064504,53.7936349,1
25.48802260027663,28.31392162,70.65596151,1
69.27183402489628,30.95806125,62.85499554,0
38.86329680497925,37.10755041,51.33455479,1
36.89497915629322,38.57939517,75.46819491,1
61.4814520055325,31.44240679,42.65019138,0
24.407101770401106,35.1514994,55.18406478,1
88.48812876901798,31.75841135,47.86353084,0
26.720012337482714,37.11727048,75.26039687,1
70.67483854771784,23.7547732,50.37886897,0
29.363823098201934,34.12719468,71.81596332,1
84.4314215076072,19.76014759,76.62848145,0
78.99413388658367,33.98477513,75.01987264,0
55.36865452282157,32.62123383,42.77788206,0
59.53005946058092,32.34577574,64.52473271,0
75.46371175656984,35.8439565,68.24255327,0
24.171529640387273,33.26518448,61.23466017,1
12.882499336099581,25.61646274,69.95957193,1
74.17786416320885,31.69310023,52.03717926,0
72.04532579529737,21.00096408,47.33352042,0
81.27466951590596,20.74926144,63.05823638,0
77.94525973720609,32.75060257,52.49613149,0
60.33804432918396,24.59600599,46.37503408,0
50.353334923928074,31.11411765,62.17066447,1
86.92355374827109,19.33417908,57.92662545,0
88.70214008298755,31.4752249,79.08404546,0
23.9685063208852,22.62012766,41.94680528,1
36.22130616874136,33.25244787,59.84599612,1
41.83611609958507,33.77777622,52.51042876,1
91.56096770401106,33.74615265,51.52255249,0
33.66307222683265,31.97907033,75.66436706,1
71.86274373443983,18.22469877,72.21927897,0
90.82098253112034,32.63334038,62.03332959,0
87.48743182572613,24.22696466,67.29315053,0
36.44088210235132,19.414288,54.18936339,1
78.28064327800828,27.04082754,55.1993483,0
44.14960858921162,37.98636005,40.91316353,1
60.42756002766252,20.51635982,69.2767979,0
86.5268895020747,22.00240857,46.00534921,0
65.99468105117565,33.97883795,73.00332548,0
31.784377883817427,38.70466771,48.06155686,1
53.67239304287691,20.18541455,70.47262588,0
23.140245809128636,22.19809182,75.37115882,1
33.97298654218533,35.8250619,58.80744877,1
56.07651406639005,23.11428664,69.26233383,0
74.9514215076072,32.53051233,80.32802248,0
23.831836735822957,25.19005423,65.80166996,1
8.870792323651452,29.37015765,80.81726466,1
20.03209928077455,29.46649973,51.65010112,1
71.67565858921162,37.2633438,68.72738536,0
59.751000982019356,29.23149115,50.58830135,0
9.5767891286307,37.11595255,65.80181859,1
65.9686481604426,24.62527282,56.56413544,0
61.92397102351313,34.65540592,38.16778967,0
84.37689847856156,32.81698047,51.20301816,0
27.851586182572614,30.36964188,72.48801992,1
89.47480396957123,36.78325926,46.16001798,0
77.12131554633473,30.54470573,54.83831156,0
76.52766466113417,37.38014726,39.63472407,0
5.256007247579531,22.09520037,42.78502034,1
28.754163623789765,29.78902766,56.92039644,1
21.650525587828493,27.38082391,55.98938373,1
72.18668138312586,36.90233657,61.45260541,0
43.57043437067774,35.42661592,43.54710476,1
61.50848082987552,28.74218591,43.27797586,0
39.9292642461964,38.94386848,53.44657004,1
36.56479283540802,23.60019476,73.07983378,1
78.35597691562933,23.50016245,62.90740035,0
23.822069944674965,26.80267382,47.99596521,1
41.44148710926695,32.93869813,67.07898882,1
74.65417258644537,29.82370282,76.20072347,0
15.421343941908717,36.15899298,70.7924551,1
2.007090456431533,20.75900906,67.13439411,1
35.88312489626556,31.20255235,68.43396357,1
58.75662994467498,29.20713071,41.44461915,0
19.12631168741355,20.58084138,53.29434911,1
60.02396316735823,28.96504602,48.78488107,0
73.74845621023513,24.89892967,69.49026357,0
4.913386542185342,31.8577906,57.50089752,1
9.599295809128632,29.66598825,75.04351311,1
33.73409655601659,29.42000512,69.92980702,1
32.811492517289075,37.49879099,49.42187878,1
85.19533089903182,35.43266193,75.14442494,0
81.39561941908713,30.09761167,75.6692661,0
8.571198741355467,21.43684451,66.29148375,1
32.76169226832641,25.67089687,79.78319767,1
14.935606791147993,36.29611583,61.78241977,1
41.080712683264174,36.07405227,45.10677311,1
60.480912849239274,36.80257232,41.7507489,0
47.419830885200554,36.86030769,68.60204922,1
29.39360081604426,20.35996125,42.26114474,1
75.91992798063623,32.15351303,38.20391109,0
65.73545117565698,38.38276902,80.46283665,0
26.719040843706775,19.1677963,71.74353641,1
27.612127247579526,37.51652164,64.16680889,1
64.4073920746888,29.26811971,58.12172562,0
27.915318810511756,37.42592135,45.11139401,1
86.40378713692947,37.83788956,57.8256362,0
14.731481452282157,29.73345547,60.65267442,1
66.10955843706778,21.95874135,46.14623628,0
45.640275615491014,38.6188193,78.28770698,1
50.571856099585055,33.57152436,43.87073398,1
73.89484585062242,31.18371515,51.27646297,0
19.56669973720608,31.56809373,38.24229476,1
87.56251562932226,37.12133281,57.84895526,0
69.76512071922545,31.63596306,43.11027444,0
14.035487053941912,22.10807712,51.59086263,1
60.45957359612726,20.99059327,59.20495229,0
34.05902459197787,18.12032267,51.33653101,1
62.168511839557404,25.79195596,81.00449944,0
42.468646984785615,26.76011425,52.85570026,1
72.68571637621024,23.25974048,39.76254025,0
83.98924269709543,31.11858827,58.24878216,0
45.959931936376215,28.01070678,76.21269277,1
48.97202282157676,20.79759328,76.34356227,1
86.47165349930843,26.70487027,80.01033109,0
91.80479824343016,35.27997759,68.30941625,0
89.90556654218534,37.50038593,58.25756911,0
52.44416128630704,34.49711434,69.03646834,1
80.21395365145229,20.0609319,47.62376628,0
76.94820135546334,23.92497402,79.19129075,0
16.411142351313966,22.70369255,54.30135202,1
16.699339474412174,21.58489832,42.05797972,1
65.08529329183955,28.59361206,77.96399009,0
34.86499239280774,22.58680672,42.53554304,1
80.38642767634855,22.82460981,79.76647103,0
56.438778395574,38.24950513,66.10326374,0
16.867774412171503,32.40264729,66.86881459,1
10.1988614384509,29.88357966,67.3165519,1
85.4790481604426,33.98800153,63.76614946,0
74.06436138312587,18.75365445,77.97250513,0
82.47344952973721,26.67426949,68.79397158,0
65.43324532503458,26.06931121,56.00095631,0
70.88372912863072,24.879861,40.88900838,0
88.47391984785615,25.54366976,44.63609602,0
26.126020069156297,28.81802489,54.68813987,1
50.911060871369294,26.16554958,51.82940953,1
76.9421186998617,28.65338865,61.45513496,0
77.68107709543568,29.64983844,40.17290644,0
26.590442586445366,23.83751094,51.13686901,1
53.821560414937764,31.35947958,47.86210891,0
47.66660081604426,32.21407166,38.82673351,1
69.46285463347165,21.97518624,55.25513004,0
70.02820612724759,30.01297501,81.18839878,0
10.501521673582292,25.26293054,40.62241473,1
10.710847067773164,22.95329304,76.89823785,1
89.57602211618257,37.62863755,64.60616616,0
16.153637247579532,23.59700932,53.0035167,1
27.85384117565699,24.84659734,49.21423126,1
43.94164343015214,37.91007945,64.09118068,1
63.279239363762095,20.37963186,69.72412168,0
94.03801813278008,22.90368524,79.24674629,0
21.736737081604428,21.60186597,71.44457038,1
38.60846647302904,34.22523135,77.68088282,1
44.49934089903181,29.59071307,66.74082272,1
12.484902724757953,23.1682072,68.48496868,1
92.09657579529737,34.54898888,75.41938517,0
8.641167275242044,31.07653069,73.06986906,1
20.972069626556014,31.55670137,60.26649598,1
63.46898112033196,34.30404703,59.25782373,0
38.855392835408026,36.32693676,42.07693022,1
76.0458209958506,24.82405708,39.02829039,0
24.985529142461964,24.50508666,66.03037144,1
30.131058962655594,20.99298079,51.17170451,1
15.905434951590596,26.27335136,55.31174365,1
90.8451374273859,34.16069891,79.72125158,0
62.54351627939142,25.87945214,55.72187781,0
27.806864993084368,29.48467608,80.22038704,1
70.00320786998617,29.9671779,48.39814652,0
34.81564161825727,34.02334216,39.89391466,1
91.60860546334717,24.0813142,41.04701079,0
38.67025232365145,24.42687671,68.09564311,1
65.75045789764869,33.47101751,51.15370341,0
70.7642936099585,20.40158854,71.18159468,0
74.4885442461964,33.46062414,60.69793516,0
36.56981766251729,34.33181139,69.96194432,1
86.79035468879668,38.03761364,70.33464359,0
53.75303154910096,33.16312968,49.5327553,0
87.48106778699861,36.3988443,57.20195734,0
90.38634004149377,38.52812018,46.17205865,0
47.46396300138313,30.77602793,68.64579249,1
90.58436847856154,36.87646644,60.55219924,0
59.78962958506223,27.61295617,70.62393796,0
44.534376237897646,27.04200842,52.89730285,1
38.39333744121715,22.93783977,61.18296521,1
87.62643114799447,24.79784033,74.51248001,0
50.70697271092669,27.27693177,66.94831206,1
86.09301221300139,36.93768385,43.97449644,0
57.162726666666664,36.05761457,43.04536541,0
31.515234744121717,31.95893035,72.28157664,1
18.26855349930844,21.26579008,46.33316062,1
82.79691904564315,18.45603071,47.47411436,0
51.54270788381743,38.65454727,61.02134273,1
34.2999535131397,27.24756087,60.24617222,1
35.947950885200555,20.23837503,80.78548389,1
78.55022640387276,28.65896407,38.95105253,0
45.206758105117565,24.46380026,39.64037679,1
31.68443492392808,24.93140265,43.00183158,1
34.87868561549101,23.37405919,71.55607472,1
42.60070903181189,24.70706875,45.23837346,1
51.584823278008294,20.48830763,62.7436228,1
88.95148496542186,35.10740591,73.72906817,0
50.64035251728908,23.40198387,41.46380013,1
75.34890744121715,25.42265713,76.54995218,0
58.08057146611342,30.13740561,47.60866835,0
40.91996383125864,23.75210531,42.82454478,1
93.31168492392807,33.30036328,62.54808038,0
53.613889502074684,21.3897874,47.23662389,0
12.77947474412171,23.83255762,42.54556328,1
55.776328796680495,18.339578,73.74066498,0
26.384616376210236,20.36546734,44.20570354,1
25.726409654218536,19.98710035,73.63133682,1
10.326227662517292,28.85005844,80.64218637,1
90.084661604426,29.87576366,59.57892703,0
81.02960874135546,24.32527685,53.08322095,0
19.03526195020747,31.69379691,44.46753337,1
47.72783031811894,38.24886427,58.39074165,1
45.099045477178414,28.99179843,43.98427654,1
25.099516721991698,36.28445358,71.41805907,1
18.356781604426008,34.02000897,57.45406546,1
77.04875645919779,36.7390364,80.52208362,0
53.4306853526971,35.29588086,43.58670815,0
46.45244356846474,28.0445189,40.18338003,1
34.493823928077454,32.73582105,52.94624049,1
33.51434666666666,28.09360645,51.24958639,1
94.22118650069157,28.54810678,49.6108792,0
77.72420636237898,34.45693888,72.28542951,0
48.918248229598895,18.47598289,56.68116253,1
68.63982820193637,36.27799471,59.95129931,0
69.77806666666666,18.00888645,64.43757585,0
43.086409875518676,19.35168964,59.11857952,1
27.329049197786997,28.80482775,39.50412318,1
44.08218177040111,38.58356148,45.55455537,1
63.34630802213,31.28780682,57.77383484,0
34.66302673582297,29.8437344,45.35327053,1
23.903388118948822,26.97301768,56.66346499,1
48.63753149377594,19.28398125,77.63342708,1
32.884670525587836,28.58612957,44.44564488,1
31.178819294605802,28.467184,44.16829499,1
67.92706911479944,38.77636619,43.38955116,0
70.79781802213002,27.90733449,47.67560124,0
45.14780174273859,32.80553173,81.23212452,1
76.07160112033196,19.08612028,52.23474431,0
5.979075228215768,23.62926487,64.566818,1
3.074146058091283,18.36922671,81.04708424,1
54.63575597510374,21.20303775,57.14000515,0
64.22661706777316,24.77236122,51.58282048,0
88.0889432780083,37.71249752,81.23243042,0
19.14473033195021,19.77019446,41.57267868,1
74.6088741493776,27.93691908,72.77460796,0
18.17957132780083,37.84771365,77.88353417,1
59.597110802212995,30.29138928,46.19684329,0
65.07082468879668,33.68784037,38.51726326,0
62.371406887966806,32.19595693,48.83958262,0
82.22955820193638,37.31349323,74.9779603,0
74.60333302904564,27.0769443,51.05330323,0
32.0793479944675,20.19145248,80.922057,1
3.4320467634854785,20.3419073,64.36262084,1
27.046626445366535,32.28123338,70.75179506,1
68.55633284923928,19.51586565,62.74805031,0
65.20451798063624,33.78044462,59.51279268,0
10.363047510373441,18.22769908,41.91027044,1
76.76005939142462,22.51576112,79.41251699,0
17.078339004149374,37.02146154,67.92813924,1
69.82207214384509,21.19412836,74.34806464,0
63.10319118948825,38.40977098,78.45059182,0
59.41981893499309,21.20688027,68.51957211,0
13.735343388658366,36.17012572,69.00378288,1
4.319965491009678,34.09287231,58.67134143,1
85.53008907330567,24.15751066,64.90791885,0
49.357032309820184,35.37652622,62.64357409,1
81.12659751037344,23.44370938,43.78824809,0
82.52077852005533,38.46278934,45.45007801,0
42.1438227109267,20.84683897,74.68040203,1
22.293306071922544,27.88856237,48.41080429,1
25.942500235131394,26.63092425,74.55029182,1
52.11922751037344,36.96769288,76.2631373,1
13.359633485477183,35.55572488,68.86934165,1
22.09099412171508,18.94140659,75.70689489,1
65.56727225449515,27.90880203,58.10668769,0
65.04110235131397,34.93457136,68.18615436,0
28.238810525587827,28.74297709,76.12654977,1
39.67912168741356,36.62393909,63.99681308,1
39.96645279391424,38.1411364,46.18002407,1
60.37498872752421,33.52410607,51.20693201,0
26.74574652835408,22.39077106,52.60794954,1
45.984497676348546,35.722874,55.00262656,1
37.20956045643153,33.92770237,56.97160682,1
48.47729403872752,27.09019561,46.4863865,1
69.86288749654219,28.21492667,67.91418113,0
55.162168603042886,32.88693972,40.83121849,0
64.25392485477178,23.42816879,80.70989166,0
33.11002460580912,29.24944396,76.70609732,1
12.314696279391422,38.98046644,76.84298119,1
30.068901507607194,23.17427832,38.98202857,1
81.90978412171508,24.44058019,51.73294849,0
45.38214175656986,20.76842142,57.32464714,1
34.023880995850625,20.48416478,72.7901963,1
78.68843757952973,27.9355922,80.88909726,0
58.75112175656986,29.7092609,56.42904927,0
3.1981940663900392,27.42826278,54.38826174,1
88.51852251728907,21.39805874,74.51845199,0
17.09816958506224,28.09047781,40.39049373,1
77.70070647302904,34.44260653,38.77759224,0
22.392560650069157,33.92763318,75.11352709,1
12.06946188105118,31.03264769,47.72395964,1
60.21933982019364,21.07906801,38.4345036,0
10.29176966804979,30.50602251,62.5092683,1
22.11956349930844,23.92857077,72.59141293,1
27.0434610373444,37.44780133,44.37252294,1
58.63867560165975,28.14420865,69.27789068,0
90.58014331950207,31.9294092,61.97491146,0
37.874337372060864,23.89707677,74.09704738,1
15.177162572614106,35.15228785,69.12296009,1
54.955962406639,27.26235131,80.02756772,0
73.00369915629322,28.19979323,42.42298713,0
3.6013081051175635,19.91498899,79.33121843,1
26.824099017980636,36.36715521,65.94844418,1
89.41240634854772,38.87845151,62.30451961,0
52.35415387275242,32.23140589,61.6523718,1
62.95976910096819,33.64798122,80.1605365,0
90.59237103734439,18.31976938,80.16932297,0
41.5333828769018,23.12004673,66.86297643,1
74.19571630705394,25.26741571,48.41653243,0
65.50666275242047,25.73607676,43.94846081,0
9.218562461964037,22.09366215,77.29737327,1
87.25218538035962,18.61726547,38.27769391,0
56.603182019363764,19.79287238,76.66719899,0
83.49918291839558,31.03844103,47.46296551,0
9.214942489626555,38.36989748,80.68568838,1
83.88129150760719,21.21331495,65.9991142,0
29.25760150760719,21.90384117,40.88185891,1
17.910220304287687,32.90098051,80.21124683,1
49.49242029045643,31.89395126,66.06260122,1
91.25765109266943,27.26822315,52.12466847,0
78.37112503457814,33.35180284,53.56789874,0
35.755797109266936,29.3172859,80.1330324,1
19.338596320885202,28.6876276,39.56164844,1
45.38186836791148,23.42735156,77.51549738,1
49.988438782849244,20.65489627,63.92537265,1
78.875411604426,35.14463793,72.63544197,0
4.613098921161826,22.17609856,58.06241388,1
13.817565435684646,34.34170066,75.8507639,1
13.05326846473029,35.16279087,47.945379,1
71.35244572614107,28.99870724,59.87852088,0
29.370675131396958,18.13560358,44.29469738,1
88.80486796680498,23.1718231,41.60769984,0
75.66790445366529,20.44174048,52.65056199,0
18.059390746887967,21.48492028,79.32548612,1
21.010143305670816,24.40858802,49.76827959,1
55.74344567081604,29.49623275,39.16821727,0
30.2512992946058,26.75837944,56.09093233,1
40.58860141078838,32.61183937,44.98175879,1
10.35740217150761,26.2279116,38.62951608,1
71.80146724757954,33.49926682,70.99796154,0
48.13403807745505,20.50705004,48.25953452,1
77.0681463208852,18.69920792,66.77751475,0
71.26393443983402,31.39166851,53.50273298,0
78.88796885200554,20.93451093,62.77400767,0
87.92362882434303,22.0943524,44.31610252,0
77.79968970954357,30.47113409,56.30274293,0
60.489486791147996,35.24854074,72.09933311,0
65.82775466113416,26.38976952,72.06937802,0
84.52676201936377,28.6186316,39.98955298,0
33.96191609958507,37.33282252,52.62555136,1
43.57637569847856,20.58014377,63.40248577,1
68.114009571231,28.34549893,80.623793,0
37.50573733056709,26.36336003,80.87704992,1
26.616382683264177,22.06806809,62.50203976,1
73.66840218533886,18.14270226,50.81667054,0
84.90228402489626,36.80531346,76.21378331,0
5.727987966804975,29.44606572,79.78622604,1
48.14254791147995,27.76984447,78.14317647,1
91.18161892116183,32.51221198,76.56497638,0
92.95399253112033,32.80504705,59.69400129,0
56.408314356846475,36.00656552,60.4600563,0
66.18642330567081,20.26471034,42.49588018,0
47.165372130013836,34.29608862,76.0003134,1
89.58484993084372,31.63648482,40.19824236,0
51.06862453665284,38.95254536,54.00892393,1
25.6600089626556,33.06709297,38.62897134,1
57.839592392807745,24.02433251,57.89069367,0
91.66636979253113,27.29350022,79.03668803,0
2.583610816044259,26.04132736,65.95486029,1
82.02252755186723,30.17881859,66.90234813,0
74.19594204702628,31.53882047,54.30537018,0
81.73227196403873,34.53176121,70.30358117,0
25.22089962655602,23.2899455,57.75846643,1
61.65327089903182,20.34094706,54.73993083,0
6.553884315352695,38.53547245,78.18930298,1
17.604255449515904,35.17362179,69.39563105,1
70.85670643153527,21.72011834,68.36340419,0
86.35925265560167,38.74941874,77.36370585,0
80.95567099585061,28.12294442,65.39875492,0
54.285997980636225,31.43887847,75.33687981,0
76.36204461964039,18.27723458,51.28091256,0
15.522702074688793,35.65522829,73.87270239,1
67.92793914246197,23.15551873,49.76812942,0
88.97072235131398,19.26528914,76.36128408,0
28.91298333333333,30.95397535,49.85085966,1
35.474074204702625,30.33156607,67.83171338,1
37.44464255878285,23.75569725,59.0797077,1
52.055276749654226,31.27843753,42.90788725,1
76.38881273858921,22.87595927,44.16219144,0
26.866652323651458,30.82452925,54.87089509,1
55.728569861687404,19.72029406,80.07495629,0
43.11050899031812,23.80677484,78.49591472,1
25.774771009681885,20.88368526,43.87879377,1
88.3394040802213,21.27366221,40.43975343,0
83.18974145228215,34.28087653,66.97137359,0
38.199036984785614,20.77505597,74.67908546,1
71.85100897648687,18.16576125,77.57573539,0
3.311638575380358,20.89229711,71.78892948,1
11.048233831258642,20.11365724,40.12107865,1
58.21919666666666,35.89733467,43.98947293,0
89.04811827109268,37.48797846,76.37805754,0
45.69224717842324,24.02454948,41.56558898,1
60.160438686030425,32.1073703,62.34340789,0
64.72050575380361,29.98347052,58.61215717,0
70.23560879668051,34.75084453,38.41494083,0
66.27205596127249,20.12291671,65.44328414,0
6.909896957123096,26.92077778,78.13943016,1
58.11208658367912,37.662008,51.00641696,0
2.743170304287692,24.81746093,71.72648652,1
36.17054867219917,25.28934964,55.98172687,1
82.65725917012448,19.0647559,59.18502626,0
19.904660816044263,27.47323835,67.09814079,1
92.69000728907332,36.16296063,63.26411405,0
28.436319917012444,24.89691131,51.52948919,1
58.02619918395574,22.5288378,57.65249263,0
64.61117614107884,35.29840593,69.69307416,0
3.9786079806362356,38.71046935,65.5124067,1
20.353815076071918,33.68680908,53.97390854,1
43.8473742461964,30.13807336,61.04596397,1
86.54022875518672,21.21469846,43.47293583,0
45.24119334716459,24.93143174,48.12679337,1
38.43155078838174,36.47025281,64.83185223,1
49.423221092669436,31.92729222,55.12754876,1
26.04529955739972,28.7158071,65.93770514,1
59.59036383125864,25.0587487,78.32053737,0
25.802522489626554,19.68317819,75.98983366,1
51.03086840940526,33.39403736,52.6565803,1
88.85833796680497,26.69244574,57.68292281,0
9.97039827109267,38.85702138,79.00919401,1
8.564897192254497,36.31416897,61.15957193,1
84.54857315352696,31.30407949,64.04196252,0
79.34474053941909,23.82153086,80.40253429,0
90.18654165975104,21.60208201,39.26572031,0
40.27335547717843,25.14879702,50.09716875,1
71.01955986168743,23.5992587,78.98119843,0
51.26368290456431,36.19652503,62.34131248,1
76.88787482710926,26.83057979,79.23044087,0
86.97613908713694,36.3801787,48.66714936,0
10.911858934993088,36.00144994,46.25473153,1
51.15802475795298,26.18713782,73.97234228,1
22.4425255186722,36.773865,78.88268731,1
60.944450691562935,19.95890786,42.78475448,0
58.861632475795304,28.59547459,67.46050869,0
12.072007081604427,34.99422769,70.21875206,1
49.2380793637621,34.75825292,38.50470223,1
84.49862369294605,25.52386305,61.41103437,0
41.78188513139695,24.21515713,52.2158937,1
79.84319850622407,31.20842021,50.53214561,0
45.74667467496541,27.75952594,51.33794761,1
7.593374536652835,29.99603646,64.89989065,1
67.38622336099584,30.36750131,71.64409453,0
75.27349081604426,19.79260314,68.3918075,0
40.733993845089906,36.68409243,72.46157172,1
47.27011573997234,28.27464248,56.75303114,1
47.860665131396956,32.72545563,59.25904096,1
57.683940912863065,33.93470436,68.3835802,0
19.829483139695718,28.2767208,76.30908786,1
31.565672572614112,27.39339072,64.49117413,1
74.66419596127247,32.36154182,76.31835181,0
34.53205095435685,21.35934689,61.54007582,1
82.22171230982019,35.50829318,73.91770372,0
21.157668769017977,23.43336012,41.30489968,1
81.93735132780084,26.20960228,51.86190813,0
53.283239474412184,21.46339691,53.65847221,0
43.974430899031816,24.71913923,59.51550462,1
41.750701549100974,21.4128709,45.1182899,1
10.57095152143845,26.0782639,43.38436116,1
78.80239320885202,34.1000339,74.41620088,0
55.693953499308435,29.65736811,42.88919377,0
6.226575449515908,38.48150709,61.34445925,1
86.88149468879668,36.27399585,78.06746992,0
51.30140266943292,21.56813386,46.86483943,1
50.194018132780094,25.89631897,59.94223996,1
9.936251715076073,22.96309362,68.02705064,1
33.11061554633472,35.16312211,61.43569729,1
53.70743141078839,31.03317676,43.46638953,0
19.582500442600274,33.44371056,53.24901897,1
9.155112434301518,37.92904446,58.35943206,1
65.15851381742739,24.37125102,69.41026616,0
25.743789322268324,38.37140485,70.44100583,1
62.73280276625174,36.48321687,73.33550255,0
85.84091330567081,22.80556215,51.78262122,0
7.902817358229595,37.7586755,79.8358435,1
19.587897634854777,27.76487617,52.38554115,1
83.72782356846473,38.44003878,57.33845813,0
44.640849474412164,30.2318539,47.24443225,1
44.82911710926694,25.90705251,68.17293581,1
92.39300091286307,19.01137336,62.89936687,0
73.00502301521439,29.95834927,63.95561988,0
57.048996486860304,18.18557726,38.99320507,0
37.88343362378977,23.93879456,71.67287997,1
31.790717316735815,28.97867778,45.60550322,1
2.329618658367908,37.56303909,63.99490425,1
73.5911309405256,24.59477353,55.99713172,0
65.9032532780083,26.6075727,55.80616586,0
72.90829528354081,35.86218311,53.73659462,0
9.19861489626556,25.40060979,78.65232823,1
21.52933915629322,21.12522601,69.36038489,1
30.49656881051176,23.16220222,61.95920312,1
21.12800811894882,33.73314222,59.9203571,1
85.74212753803597,21.07410481,71.14853521,0
61.891159017980634,20.41709013,68.41054551,0
61.66398313969571,37.8238746,58.10928073,0
57.62506182572614,19.26945473,75.75961311,0
87.56511972337483,34.67225382,64.76614342,0
35.94024546334717,34.47638907,42.72044652,1
35.027398589211614,29.74307967,72.95021801,1
71.44039658367912,25.82827076,63.80662292,0
63.59270298755186,36.93241766,44.69800954,0
55.00597019363762,38.06321422,62.89537565,0
79.46960531120332,32.48942816,47.92168299,0
72.38151208852005,36.07932692,43.28696289,0
60.55774911479944,30.44889422,49.66022294,0
60.79563644536652,37.57426137,77.21242097,0
25.775894868603043,25.10528173,70.93392985,1
32.4857785615491,22.8188831,64.0499495,1
62.38490118948824,33.239722,51.95126264,0
30.369974177040117,35.11354359,79.30716998,1
8.040886680497922,27.49504834,53.08887922,1
23.56370156293223,36.42534595,38.24653941,1
77.52118286307054,26.07338056,56.7926139,0
80.2765581604426,30.37070598,61.39044027,0
17.902871549100965,21.55157509,54.13914051,1
57.96001365145228,18.3473087,66.93525508,0
28.72996681881051,35.40486533,54.30734787,1
17.20860300138313,24.93429018,75.59149147,1
70.8828674273859,24.29321167,43.66936755,0
7.556488229598894,20.90131276,77.212802,1
34.777018713692954,23.19348881,38.01672092,1
49.75588820193638,20.63926315,44.15782751,1
20.900921728907328,23.37986656,53.73109939,1
86.05861420470264,18.3423435,65.70036013,0
92.56437435684647,20.12078232,81.0980471,0
21.629745947441215,26.09057087,51.41445044,1
65.65698430152143,26.12876314,81.19037308,0
31.6392740802213,29.71219935,40.29955045,1
74.29537019363761,23.36094055,75.52934501,0
19.32259163208852,31.78713416,72.36973617,1
77.81333210235132,34.21423244,72.16583696,0
31.65100309820194,29.09719244,72.90053666,1
46.71554554633472,20.15283446,55.95583492,1
12.57556266943292,20.75382795,65.3584069,1
16.135528105117565,31.24489844,57.20495961,1
89.77928517289074,37.58506571,51.59713281,0
88.45244261410788,32.88497251,57.54560075,0
62.48922607192255,34.91442868,46.72748941,0
3.4974885615490994,36.72206944,57.00376392,1
45.85641125864454,38.95506299,64.98230855,1
16.87959372060857,20.3770208,39.07489612,1
6.21369031811895,31.09522233,59.67784765,1
73.39269580912863,37.15183409,63.47640333,0
70.68024609958506,38.29119853,53.34994484,0
44.376797344398334,20.60623953,40.07331672,1
55.2336536791148,22.73961437,73.61460123,0
94.22207,23.07764881,45.08808056,0
59.44520232365144,25.28373075,62.97368855,0
49.504373485477174,25.69089663,38.57393698,1
26.768783568464734,21.51627887,43.23193342,1
47.164465380359616,27.73215822,38.4294526,1
43.95865542185339,25.97512825,45.77770331,1
57.87907145228216,30.43327947,49.70390515,0
48.07209641770401,28.89016573,46.27768309,1
78.73304338865837,20.93347526,77.1449252,0
94.36826141078838,33.63012281,67.57685569,0
57.45132609958507,26.65202314,68.4062962,0
29.970003360995857,21.00743281,47.63123905,1
39.249946970954355,35.53400744,38.66162365,1
80.98690383125864,33.64865346,67.223421,0
58.157158367911485,32.18510736,48.08461257,0
59.91884152143845,30.12771446,55.43252978,0
10.686311618257257,32.04959061,63.55283332,1
92.31168159059476,29.06855098,47.56993111,0
75.97085172890733,27.88391982,61.53056545,0
14.558783250345783,19.63485184,71.79444754,1
46.48784484094052,31.50381657,71.98733233,1
89.78038290456432,34.99255766,77.02848242,0
6.909391784232369,34.19665215,74.30129524,1
67.60132656984786,20.66286592,39.98383118,0
43.99074168741356,31.05477277,71.06809619,1
26.409710013831255,28.31616452,61.24234488,1
87.33372298755188,20.82533001,57.41396855,0
41.878311977869984,37.04762856,58.64475236,1
25.672836804979255,20.58854026,55.69683421,1
40.432683167358235,37.32637728,76.10685919,1
21.46978479944675,24.04963924,60.77475941,1
33.54234662517289,28.47624337,60.82339585,1
59.4857079944675,28.48166386,49.7243793,0
77.21169366528355,26.86314951,74.96327968,0
32.6053381604426,20.30467723,53.06416963,1
36.61852576763485,33.58115225,55.9703125,1
65.03735547717842,24.97318376,70.63032718,0
58.90735796680499,22.50802093,80.66669175,0
83.05866532503458,37.44809686,68.79065529,0
48.64248125864454,26.61628443,59.05223719,1
91.66538822959889,19.10876554,57.70188818,0
15.366016528354079,24.26397077,46.16010835,1
37.25211756569848,37.1581512,60.19708563,1
88.77728230982021,33.80055876,47.44208625,0
44.225473029045645,19.66012399,79.76691316,1
56.751321203319506,29.30744078,71.60835616,0
51.49048847856156,35.53141146,78.28727766,1
12.370994757952971,20.26834081,62.08224498,1
54.01402901798063,31.43072787,44.71799177,0
7.965171521438454,24.6801016,41.30469195,1
67.7427396957123,23.9558904,39.09398529,0
80.94117825726141,20.10428381,74.40509036,0
2.5321392669432887,36.98209281,76.81714578,1
51.690089515905946,23.94843057,68.87312137,1
87.5215222406639,30.50291707,54.86481368,0
6.523801396957124,19.56379336,58.40727796,1
33.66724590594744,25.61244804,48.71305423,1
85.62420172890732,18.6190638,77.62865415,0
10.525179861687414,28.05501153,39.34716472,1
44.30584130013832,21.15709792,60.76108588,1
80.87805911479946,32.60120889,41.75212425,0
55.98892997233749,29.8329718,61.38730568,0
94.48122204702628,35.23556139,80.28679709,0
84.64133540802213,32.91575559,46.44965738,0
68.47091713692946,23.5517268,79.94159394,0
38.88908915629322,26.40927345,77.47918198,1
61.12781331950207,31.55824272,51.67728104,0
55.02128651452283,38.45269244,54.05258409,0
69.42402329183956,33.81561887,39.70224777,0
93.96821481327802,38.97760739,72.61431457,0
49.28049312586445,31.51018015,39.44843729,1
36.44898226832642,19.08136893,65.89338001,1
38.906316390041496,38.55496679,55.70800337,1
58.38779337482711,26.67558695,73.4092045,0
18.547945933609956,31.47151861,67.1358019,1
43.8620244813278,27.06831475,55.70686047,1
83.24232556016598,28.61078684,64.36489311,0
31.23793726141078,22.08404016,48.87875079,1
80.94600338865837,26.39375294,63.03207122,0
51.7912403042877,29.90047888,48.67779935,1
52.604224177040116,18.72267295,64.98368664,1
11.140671452282161,38.93393233,73.48722667,1
9.363224398340249,30.64163088,66.24270081,1
38.98604828492393,27.15721098,58.6145625,1
24.45665053941909,21.03648944,79.43705502,1
27.535352309820194,29.59774989,59.46809274,1
87.85792088520054,28.83924385,51.33721885,0
31.079649432918394,21.19555107,55.69068284,1
43.973246763485484,23.45626676,57.66157813,1
36.889087206085755,21.61186961,39.75943515,1
18.846471922544954,19.62648199,38.00020142,1
14.221316735822956,19.20166744,57.08078605,1
22.590541991701247,26.0722719,42.02251155,1
22.08136651452282,27.04603743,56.32524166,1
26.30731932226833,32.37063044,77.78922941,1
38.51399491009683,26.27368716,62.77199633,1
65.7147041493776,21.90730724,52.61919361,0
74.99316201936375,20.93742788,42.39016927,0
50.01600390041493,25.42544605,55.881947,1
66.42058576763486,28.14833576,67.20527156,0
51.908196791148,33.1234626,52.71946848,1
9.62234930843707,27.69935143,50.21620867,1
78.38754600276626,29.06209788,58.03889687,0
15.100531853388663,25.46697254,68.74081597,1
94.20105273858923,21.19670974,40.84331847,0
28.234108824343018,19.19606257,74.844855,1
6.830359156293225,27.08007467,76.91623522,1
69.17386208852007,37.81510529,63.22546403,0
73.77809515905946,26.18213624,49.91950599,0
36.80380684647303,24.39981728,74.78018245,1
74.01966686030428,25.09964435,63.4918098,0
37.194125961272476,26.02272078,75.81297722,1
58.73511034578146,25.97392906,38.88860528,0
68.01504666666666,31.25216528,47.37785287,0
72.07671840940526,31.93252406,59.91144188,0
28.75797875518672,24.66472618,66.99739779,1
73.28973482710927,36.1382814,60.68625897,0
41.77125360995851,28.39992803,56.64268667,1
44.08922807745505,30.77209218,44.41965484,1
80.64793071922546,27.05418536,63.93366225,0
50.63613002766252,28.16066957,73.45880929,1
34.15222459197788,32.16373308,53.5156242,1
6.768893070539416,33.29434852,38.9946026,1
78.36840311203319,30.46766749,70.13783072,0
63.71344804979253,38.6354493,54.88957094,0
45.703866473029045,25.17821684,66.95768322,1
43.15487266943291,21.12014351,43.2677871,1
39.50482677731672,28.81721906,58.57297637,1
70.44592651452282,32.16930482,49.5696726,0
94.11961113416322,36.10080677,75.15092496,0
11.192942365145225,29.53176218,60.69839547,1
55.03092871369295,32.85015047,39.3959433,0
41.738685518672206,28.35110004,44.38842694,1
85.49813272475795,38.65987288,69.03337156,0
9.845731894882437,30.05739577,62.06638322,1
36.92273376210235,20.50064685,72.15242265,1
36.726233928077455,20.89278672,76.24933318,1
25.731233278008297,18.22605971,41.26443924,1
69.22433547717843,20.39105057,79.48170429,0
73.54207319502073,36.17392621,45.08634996,0
81.6874889626556,23.70592099,80.69806443,0
56.395275670816034,22.16342989,52.11263864,0
85.80744178423238,27.18384463,60.00463357,0
23.37550134163209,33.24425606,46.0327489,1
75.33816720608574,35.7369533,58.58769789,0
77.24135626556017,37.40087241,77.94523811,0
78.49206694329185,19.24786122,80.42032999,0
42.70937459197787,29.58812931,46.2812435,1
10.414410608575382,20.16174522,45.71973726,1
62.07164972337483,38.10538967,40.12866871,0
8.355895975103737,34.28470909,79.39689953,1
47.38795778699862,27.05295815,49.53550825,1
52.12496204702628,38.81498568,41.7130772,1
64.93915515905948,23.64045427,52.37113879,0
55.53608406639003,37.4050145,46.16700719,0
44.344374951590595,36.33272617,81.03788431,1
81.66785782849239,30.03405103,53.47100288,0
79.17594246196403,34.03915164,55.27285768,0
78.26115334716458,28.58240959,44.06731084,0
53.907664246196404,31.75970492,80.36151453,0
67.4530655878285,18.1914068,62.62072936,0
61.30709915629322,21.93185779,80.98426702,0
69.2909988934993,18.84960961,70.78626294,0
48.113964412171505,23.30843932,65.48593805,1
39.631578865836794,38.94792954,67.33756201,1
85.82186326417704,28.97226414,77.99203724,0
82.9097538450899,20.1910739,75.63012062,0
9.010304343015218,28.65753129,48.69746747,1
79.7854357538036,28.92974493,54.60061733,0
37.813634578146605,23.05684715,39.95789807,1
5.725492959889351,28.46298257,57.10222828,1
86.15957730290455,34.080015,76.05790348,0
20.1729205670816,30.02698594,58.14933653,1
18.995032517289072,27.71682398,43.38469646,1
21.269760843706777,28.84048521,55.9540822,1
57.94377716459198,29.13085872,79.18449469,0
47.64769164591978,36.02112425,65.46851381,1
69.50747881051176,37.27226696,57.42351383,0
82.3157452558783,27.78129418,54.3590303,0
21.63445088520055,20.94573366,38.77138684,1
34.802138464730284,32.44163357,50.04769566,1
49.50907107883817,31.07791978,79.7460063,1
39.914623720608574,19.84125514,69.29931404,1
30.84825803596128,24.5399963,60.31998427,1
53.94446789764869,37.04210721,44.86266361,0
43.85605493775933,36.35851831,56.16071779,1
14.093522835408024,29.34163267,56.83202339,1
53.79994337482711,27.16706687,52.51488375,0
24.009958755186723,20.65007228,47.57010673,1
70.82604228215767,38.52912486,64.808031,0
70.22357268326418,28.44537348,66.32271036,0
24.134789239280774,22.60821572,53.24354319,1
11.980453208852003,27.34977238,60.07260419,1
69.75869471645919,23.63340713,62.73791596,0
78.16100135546334,34.75598695,50.19511091,0
76.5993428077455,27.29266064,78.29925783,0
35.720955491009676,25.15176551,66.54521929,1
21.197831272475796,26.44373642,40.03298079,1
35.1803009681881,23.79734741,80.70383356,1
7.590904647302903,28.09451194,68.28764287,1
54.086463070539416,21.90314181,62.48111043,0
28.54004569847856,28.5774517,46.45424698,1
54.131061286307045,23.39425376,75.58455777,0
71.62067549100968,25.15818379,77.66730711,0
27.124893609958505,19.65411841,51.19673212,1
33.47664904564315,33.38343506,53.6621807,1
71.38441840940526,38.57131251,50.02808091,0
89.0640619363762,35.10956337,38.03378742,0
62.73206141078839,26.77091143,58.07531303,0
70.24035250345783,28.21066543,47.22560356,0
46.46889165975104,26.59177911,62.22575622,1
45.929200262793906,21.76904352,56.94976635,1
35.95154723374827,18.42017197,67.30079068,1
25.618833250345784,21.13140845,73.59319189,1
92.56477222683264,22.90425451,45.34477348,0
59.812944674965415,28.82513164,46.88951026,0
69.31312354080221,36.44569964,56.4857983,0
82.0687768188105,32.92999744,56.39241347,0
2.392815795297375,32.32486394,53.15338323,1
47.727937524204705,32.16351597,66.37671314,1
90.73196059474412,38.53982414,41.53640331,0
83.4159908990318,34.51889435,70.27429661,0
40.026684661134155,21.05448833,51.4909386,1
86.0218317012448,32.78782501,53.18212535,0
18.993039391424617,35.73353858,73.93734786,1
25.861259875518673,18.56909213,69.90224633,1
49.59700369294605,29.03490003,44.55960634,1
35.92890402489626,34.06489439,74.44234515,1
22.022860926694328,34.84256029,50.72398905,1
17.380361106500693,20.52498061,39.36350748,1
55.18412539419087,19.27175714,61.39934577,0
37.820536957123096,22.46729579,69.4314541,1
23.041328132780087,37.89317668,51.8671417,1
72.6015900968188,25.32878868,48.29189655,0
46.423992849239276,25.89936328,42.73577921,1
32.75393921161826,31.4609748,52.06308704,1
45.52296493775934,22.2291635,70.04905825,1
66.32397684647302,27.67515341,49.38110363,0
44.50108053941908,34.86140687,70.37992104,1
74.48009800829874,22.88248883,70.19583923,0
78.60975065006916,31.25917747,53.51244611,0
80.49822045643154,34.14343035,60.76684955,0
40.55102561549101,28.01900733,73.10331364,1
37.676194315352696,32.59555266,55.4398028,1
11.148817123098205,26.58757725,54.29654129,1
89.896245988935,28.0479478,47.50301102,0
6.244607081604423,35.97803351,59.6516216,1
43.938900622406635,27.8254071,79.8678658,1
67.17865535269709,21.12666608,55.5065832,0
67.18533780082988,27.75727093,38.0195423,0
53.832335311203316,37.9212555,46.5843761,0
49.77615645919778,30.4167883,63.26814019,1
72.42214076071922,24.62052585,50.98708545,0
2.2162022683264153,18.86235421,41.77413197,1
2.245943858921159,27.90251021,40.8446971,1
9.400863056708163,36.22311492,79.21760136,1
93.52358156293222,31.52682986,58.00352563,0
37.406411147994476,23.47763377,50.41963114,1
77.02410338865836,28.12585914,44.6986451,0
43.27999201936377,29.45699529,49.49388184,1
50.54415178423236,38.06691067,62.46157713,1
45.923972932226825,29.53749844,42.82150813,1
8.66767597510373,38.24274164,54.79068976,1
8.333353665283544,21.3508017,45.14404809,1
57.27277409405257,29.92394547,42.39543232,0
80.92657637621022,25.07986286,78.12096205,0
18.017447634854776,25.66183675,49.4127432,1
49.13886197786999,19.22227353,54.81851433,1
65.60920507607192,29.34765475,41.56384377,0
59.22223445366529,36.39825621,43.15041905,0
79.59215788381742,24.63829861,64.48907947,0
79.52128254495159,20.27753249,73.47549723,0
38.51460149377594,19.70349028,40.18591851,1
19.66253526970954,30.28054697,63.23989177,1
26.626742835408017,26.16513485,51.87868535,1
37.498361300138306,29.94358674,46.05273319,1
73.30823409405257,37.51360874,46.65615885,0
42.458947786998614,33.50466887,58.34340956,1
3.7313858644536646,33.68733454,72.08558224,1
8.357386030428769,33.32520161,72.92971271,1
69.84513154910097,30.44384082,68.53058686,0
2.3276074273858893,19.50494917,40.04858132,1
62.561941300138315,25.06276709,73.55138613,0
38.61227894882434,21.32475519,59.88438194,1
45.647365836791145,35.83902253,59.51759987,1
55.516579197786996,24.20179603,39.37774056,0
89.50773619640387,36.02530011,38.21344121,0
60.78133482710927,26.79577387,76.53318213,0
40.23606587828492,28.41079228,60.5186145,1
46.654095020746894,19.84891464,52.04081468,1
46.9484528077455,27.7670282,78.8954079,1
33.70226897648686,22.12291402,42.5781995,1
92.51952486860306,35.39650088,51.16759022,0
83.14661323651453,31.16410663,74.04705716,0
24.77857251728907,35.37651281,58.64579927,1
68.61592374827109,18.64464179,63.00178512,0
67.81023883817427,36.63475515,41.82490736,0
90.15273966804979,20.85917737,59.7784117,0
83.82384298755187,23.26560614,55.67764764,0
63.56336829875519,24.61903303,55.59226212,0
85.26339970954358,28.03244107,52.37191627,0
39.578850802213,36.88808142,54.81833577,1
88.46820381742738,34.124491,65.37898851,0
2.520516901798064,22.30958493,78.22052087,1
57.77696092669432,29.30012867,54.79685913,0
47.12767957123098,21.8568892,67.83342865,1
7.1371860580912845,19.9981997,77.52222375,1
3.5279303181189463,21.58866364,57.29944238,1
93.80684388658368,35.69451867,70.14735885,0
51.23592,31.85693712,64.57718023,1
83.00207905947441,21.38519602,64.34019925,0
28.21291633471646,18.40024033,66.46828754,1
51.443078367911475,31.36469694,72.48910926,1
47.400712627939136,35.05996003,60.52405679,1
19.511773208852006,24.70261926,76.26694968,1
29.072126597510373,38.74971221,47.92227195,1
26.339541839557402,19.28835924,67.4032309,1
80.6320737482711,19.48066572,78.49659459,0
57.02015764868603,35.45597182,52.40514738,0
13.625307621023513,27.65706735,49.51767669,1
71.14909338865837,23.33354077,69.1126052,0
60.65105278008299,34.14676759,47.64592072,0
9.481836542185336,18.65366333,50.97306656,1
89.02296499308437,34.68651635,48.8026483,0
76.4518525726141,38.9258855,66.22895556,0
8.552068035961272,30.31064473,77.73382519,1
45.55537986168742,22.01889952,56.39068052,1
31.750364578146613,34.57172944,53.91467424,1
10.085827178423234,18.58759662,71.37359906,1
5.15331358229599,24.16198842,68.88432018,1
56.16559376210235,38.41551004,63.52629359,0
47.90605381742738,31.62345865,64.8353637,1
51.03368326417703,25.58733015,69.18157948,1
18.03798053941909,30.54289476,77.9084618,1
25.294643471645923,26.46417873,75.85390106,1
12.577894633471642,32.07952577,41.28137611,1
73.71876076071922,25.47282415,50.19744187,0
3.1884431396957145,37.05361902,63.79262962,1
83.21396951590594,21.09615246,50.37159666,0
78.45736041493775,27.75413167,54.52068305,0
29.800200885200557,21.84073085,47.91551619,1
48.03209551867219,34.72979202,64.30761596,1
83.67330240663901,37.46820333,50.71340448,0
22.508684260027664,30.20136524,58.80550741,1
73.93039257261411,38.77345073,40.98771127,0
35.21780677731673,36.39603511,46.46339497,1
87.81543990318119,23.88592852,46.26253993,0
40.01781579529737,35.89561803,48.1914805,1
83.61341687413554,38.5469248,42.24253614,0
55.01244168741355,32.09870152,50.03167599,0
10.996364467496546,22.78457441,62.94989578,1
40.09273834024897,38.60197309,60.61602562,1
39.57580616874135,28.5915662,66.88102908,1
77.66416179806362,38.19481098,49.40595657,0
35.2731013692946,36.74724511,50.57832024,1
51.195206514522816,36.8455212,54.9827358,1
32.592819405255874,26.67394878,64.4732521,1
63.71262726141078,27.35543936,53.98383891,0
88.90141385892116,26.77244143,42.24977672,0
56.289150193637624,24.94956482,61.20086971,0
92.3380709681881,31.96938287,56.18682437,0
25.325806210235136,28.28680394,69.02765704,1
56.734581023513144,22.08515284,57.952112,0
19.65621733056708,22.2933541,54.82808789,1
27.551831065006915,38.40932959,74.40681969,1
86.22377236514524,18.19511388,61.28001008,0
50.01800237897649,34.3536942,40.52222469,1
19.24784651452282,31.10990542,48.36198985,1
50.27416015214384,28.93629597,76.17661138,1
2.7300648132780085,19.15079173,48.68380053,1
92.7034158506224,21.71721865,43.7253902,0
56.34294312586445,19.61083605,68.52178414,0
59.77976940525588,18.38100817,67.82773181,0
48.61648438450899,19.23206438,69.78747099,1
60.9293929045643,21.88320301,66.16373845,0
21.740506168741355,37.94747418,49.07917098,1
80.14889502074688,32.08803698,39.62818443,0
5.16328795297372,22.36028701,42.18580804,1
87.88749282157677,35.24066266,69.14023405,0
42.126912171507605,24.87946795,47.18260464,1
62.18458308437068,33.78434267,45.59656512,0
62.308186002766256,35.19392528,68.14197477,0
34.882191562932235,23.41744056,48.40632966,1
24.886970746887965,35.04113709,48.11671165,1
66.44694850622406,33.59899256,55.64739466,0
59.581320262793916,38.92253617,51.98596496,0
14.387856307053944,32.19862561,54.09142096,1
48.05137741355463,23.35612085,69.98055985,1
6.7062024204702615,32.39453742,70.31031078,1
16.381310027662515,19.52774368,70.0575728,1
16.363171493775937,34.75909998,70.51235291,1
46.291586804979254,38.77369243,58.17149714,1
17.549611604425998,32.59499967,46.60100726,1
46.467241203319496,24.64005962,47.05379351,1
57.51556540802213,28.46905491,70.84449446,0
48.906312517289074,29.80971959,80.032592,1
89.90881076071922,22.3143507,75.30919841,0
75.04494218533887,34.16808663,70.20452352,0
93.42394226832641,22.21436466,80.9599773,0
18.057108741355464,26.0254899,73.84740942,1
41.91176443983403,32.33144455,42.87963406,1
75.62304244813278,33.63668046,41.80106353,0
86.30341904564315,27.10518792,70.02514768,0
58.30629998616874,22.55126748,45.24430875,0
24.1525394329184,19.80598043,75.78845931,1
77.61850474412172,23.04386826,50.01189403,0
93.75140686030429,21.2486364,38.48468908,0
59.92954331950207,29.8227498,54.75987116,0
50.14311781466113,34.21438171,47.39337543,1
3.017352683264178,21.75370504,55.90422853,1
74.90071831258645,18.36348284,65.76343789,0
45.677757399723376,27.2098525,52.51335407,1
27.779821618257255,38.64903575,68.93240138,1
42.69099359612725,26.10546139,73.91890951,1
83.53271575380359,30.76972745,79.2165264,0
68.29279282157675,27.47503569,76.63314953,0
82.85830746887967,20.81243415,52.86893893,0
23.256671659751042,21.19139925,65.12513537,1
69.32211041493775,18.73755356,74.45591213,0
65.85806701244815,31.306857,42.71526493,0
62.915807219917006,20.43141811,62.687015,0
6.801718852005532,38.57701801,75.96208968,1
48.29391561549101,18.23421331,49.06833687,1
79.1674563900415,34.85478582,63.57287982,0
56.58353460580913,25.91443476,41.9185396,0
92.80664214384508,18.58589447,58.16174286,0
58.62994348547718,25.5240022,53.53942356,0
12.808856832641771,35.3372647,60.82076963,1
90.07996984785616,28.02736178,58.79001862,0
56.81702886583678,24.48766422,62.99431722,0
54.47708911479946,24.96490121,60.21384671,0
64.68635290456432,19.62206199,71.52149622,0
66.78594962655602,18.43378065,53.44758278,0
82.5376931396957,22.68201499,41.50763788,0
60.92231576763486,26.77425831,55.99367305,0
65.37185907330567,25.51671216,66.27654684,0
54.098113734439835,21.42886566,64.53707307,0
39.61151984785615,34.80713358,78.40615871,1
92.55233343015215,34.01049057,42.99094474,0
21.062120580912865,37.37857415,64.69192441,1
64.67174804979253,23.53063911,59.94355257,0
92.4317917012448,18.10154189,54.47328459,0
30.805824439834034,22.14960129,59.85693492,1
47.99737208852006,26.03188721,67.63815979,1
19.77496325034578,21.85487064,42.20973266,1
71.605633208852,31.64894057,58.42663787,0
49.315876279391425,38.57911637,58.83380198,1
39.29494348547718,34.74326548,54.11252004,1
58.4887855186722,28.1738326,70.52758822,0
50.26717489626555,32.15351407,69.6718028,1
62.68720224066391,22.55690415,54.9298024,0
17.603355338865832,18.34033191,41.2723512,1
65.71425883817427,30.07413857,77.1724592,0
64.79193621023512,37.80167469,65.52941231,0
34.563660470262796,36.62646513,73.92518004,1
9.273100802213,24.97432593,60.00016041,1
86.63946325034578,18.40422515,43.51401044,0
86.36635248962656,30.60040633,39.09857116,0
2.051982351313972,26.34420502,51.71828592,1
42.22731308437067,38.87590542,50.83107852,1
43.45602908713693,36.7901781,65.65311537,1
65.96086746887968,18.50846701,73.53677421,0
20.729566071922548,25.06954213,62.46441045,1
7.685582005532507,22.0708997,71.29054051,1
19.850779336099585,36.82949676,51.39462983,1
87.88941035961273,18.95665964,77.66350878,0
76.15528251728907,22.34214086,46.44211281,0
62.638421618257254,31.89312749,40.65606824,0
